id,created_at,user_id,product_id,discount,quantity
10,2020-01-17T01:44:37.000Z,1,6,,2
17,2020-02-06T12:14:36.000Z,3,48,,1
18,2020-04-10T23:29:46.000Z,3,12,,2
57,2020-02-05T03:28:52.000Z,10,42,,1
74,2020-02-20T00:36:30.000Z,12,154,1.85,1
98,2020-04-06T00:45:35.000Z,17,26,,3
104,2020-02-15T18:57:49.000Z,17,23,,2
111,2020-04-19T08:27:25.000Z,17,56,,3
119,2020-03-26T23:06:05.000Z,18,198,,1
131,2020-02-05T22:42:57.000Z,20,39,,6
134,2020-02-28T13:48:53.000Z,20,87,,1
149,2020-01-25T19:05:08.000Z,22,199,,2
156,2020-03-12T01:55:46.000Z,23,189,,1
161,2020-04-04T04:31:57.000Z,24,29,3.19,2
171,2020-04-01T17:48:42.000Z,29,58,3.08,3
172,2020-02-17T12:53:40.000Z,29,152,,2
174,2020-04-09T12:03:00.000Z,29,190,3.08,3
182,2020-03-25T23:01:34.000Z,32,176,,1
214,2020-02-10T20:43:35.000Z,37,86,,1
221,2020-02-18T08:30:53.000Z,37,129,,1
230,2020-01-29T03:39:20.000Z,39,4,,2
235,2020-01-03T04:15:50.000Z,39,3,,1
295,2020-03-01T11:17:08.000Z,45,188,,1
308,2020-03-16T16:04:04.000Z,48,115,,1
318,2020-03-27T21:21:24.000Z,48,43,,1
336,2020-02-26T07:08:23.000Z,49,112,,2
367,2020-01-23T18:15:23.000Z,54,86,,2
370,2020-02-02T09:51:16.000Z,54,41,,1
371,2020-01-30T09:48:17.000Z,54,168,,1
373,2020-01-21T16:40:45.000Z,54,37,,2
383,2020-02-04T14:58:02.000Z,56,10,,2
386,2020-01-06T17:59:58.000Z,56,11,,3
393,2020-02-06T00:28:38.000Z,57,39,,1
399,2020-04-08T13:59:25.000Z,57,24,,4
406,2020-03-29T05:09:14.000Z,57,135,,1
409,2020-03-23T15:17:05.000Z,57,108,6.42,1
412,2020-03-18T10:48:58.000Z,57,17,,1
415,2020-02-21T21:43:22.000Z,58,29,,2
417,2020-04-13T13:39:43.000Z,58,26,,3
418,2020-02-14T10:12:57.000Z,58,134,,2
428,2020-03-05T00:55:12.000Z,59,199,,1
442,2020-01-17T10:55:52.000Z,60,166,,1
450,2020-03-18T07:55:32.000Z,63,190,,1
452,2020-04-09T12:19:46.000Z,63,69,,2
454,2020-03-04T07:20:42.000Z,63,72,,1
460,2020-03-19T05:27:41.000Z,63,109,,1
464,2020-01-13T21:58:59.000Z,63,183,,1
476,2020-03-24T20:24:47.000Z,65,86,,1
489,2020-04-13T22:31:06.000Z,65,181,,33
503,2020-03-28T21:52:21.000Z,65,62,5.09,1
512,2020-02-17T03:42:15.000Z,66,24,,1
531,2020-02-11T19:58:51.000Z,68,125,,2
532,2020-03-12T15:37:38.000Z,68,169,,1
544,2020-01-07T21:42:56.000Z,69,162,,2
560,2020-03-18T11:59:40.000Z,70,127,,1
565,2020-02-10T14:46:52.000Z,70,31,,2
574,2020-01-05T15:45:46.000Z,72,200,,2
579,2020-03-22T18:46:46.000Z,72,107,,1
581,2020-02-26T19:26:56.000Z,72,149,,1
615,2020-03-31T23:28:11.000Z,74,158,,1
619,2020-02-16T18:48:51.000Z,74,135,,2
621,2020-03-23T12:17:04.000Z,74,122,6.44,1
625,2020-04-02T00:36:55.000Z,74,62,,2
635,2020-01-02T03:22:14.000Z,77,128,,3
638,2020-01-13T15:40:07.000Z,80,128,,2
641,2020-02-15T21:28:02.000Z,80,163,,2
650,2020-01-18T16:50:31.000Z,80,121,,1
660,2020-01-28T06:54:53.000Z,84,84,,1
667,2020-02-12T23:59:13.000Z,85,177,,2
669,2020-02-01T03:24:47.000Z,85,96,,1
670,2020-02-15T06:22:16.000Z,85,90,,2
694,2020-01-21T16:42:03.000Z,87,96,6.57,2
695,2020-04-07T23:19:52.000Z,87,73,,2
698,2020-01-06T06:00:54.000Z,87,99,,2
709,2020-02-04T00:31:15.000Z,87,37,,1
719,2020-04-15T02:21:17.000Z,91,28,,4
729,2020-03-26T14:02:15.000Z,92,119,,1
736,2020-01-07T01:22:38.000Z,95,185,,1
743,2020-03-22T11:16:30.000Z,95,12,,1
769,2020-04-08T08:32:59.000Z,100,89,,2
776,2020-04-07T19:09:58.000Z,101,28,1.77,2
777,2020-01-26T18:10:03.000Z,101,86,,1
780,2020-01-02T10:50:18.000Z,101,10,,2
782,2020-04-14T22:36:52.000Z,101,106,,2
785,2020-04-01T21:19:15.000Z,101,162,,4
790,2020-01-03T09:26:46.000Z,105,33,,2
793,2020-03-10T10:11:54.000Z,107,53,7.22,1
801,2020-03-04T00:38:42.000Z,108,107,7.99,1
815,2020-03-28T09:32:50.000Z,111,174,,1
831,2020-03-13T17:46:25.000Z,112,13,,1
841,2020-03-05T10:25:35.000Z,113,51,2.09,1
845,2020-01-21T16:44:34.000Z,113,68,,2
894,2020-03-29T13:11:40.000Z,122,60,,1
909,2020-03-10T21:41:25.000Z,124,64,,1
916,2020-04-02T14:49:11.000Z,125,47,3.41,2
925,2020-01-29T06:24:42.000Z,128,119,,1
937,2020-04-05T03:02:38.000Z,129,88,,3
946,2020-03-07T06:51:17.000Z,130,193,,1
953,2020-01-14T17:04:37.000Z,132,137,,1
954,2020-03-24T20:26:56.000Z,132,124,,1
955,2020-01-11T17:04:04.000Z,132,197,,2
963,2020-01-20T17:08:00.000Z,136,182,,2
965,2020-01-05T01:45:59.000Z,136,57,,2
966,2020-03-07T12:18:11.000Z,136,152,,1
969,2020-03-29T02:55:56.000Z,136,147,,0
980,2020-03-20T08:06:43.000Z,138,95,,1
984,2020-03-08T13:28:05.000Z,138,169,,1
998,2020-01-07T23:55:38.000Z,139,149,,1
1008,2020-04-13T18:04:43.000Z,140,13,,3
1016,2020-01-03T04:16:08.000Z,141,86,,2
1021,2020-01-16T08:44:21.000Z,141,93,,2
1023,2020-01-21T00:38:25.000Z,141,200,6.53,1
1028,2020-02-22T18:08:54.000Z,142,119,5.19,2
1029,2020-01-15T05:37:26.000Z,142,3,,3
1031,2020-02-22T00:51:08.000Z,142,108,,2
1033,2020-03-07T18:05:33.000Z,142,197,,1
1044,2020-02-10T15:12:48.000Z,147,68,,2
1051,2020-02-20T01:10:10.000Z,148,163,3.13,2
1052,2020-04-03T22:04:49.000Z,148,26,,4
1055,2020-03-23T18:51:37.000Z,148,67,,1
1085,2020-02-13T07:25:18.000Z,150,139,,2
1089,2020-01-15T15:48:00.000Z,150,195,8.44,2
1103,2020-04-18T02:45:50.000Z,150,129,,3
1109,2020-01-14T12:33:28.000Z,151,16,,2
1145,2020-03-28T14:10:43.000Z,153,83,,1
1147,2020-01-24T23:38:30.000Z,153,24,,2
1154,2020-02-27T11:59:06.000Z,153,193,,2
1158,2020-02-02T19:52:49.000Z,153,83,,2
1160,2020-02-23T11:23:27.000Z,154,94,,1
1168,2020-01-05T15:40:26.000Z,154,189,,2
1193,2020-02-19T03:30:57.000Z,155,26,,1
1226,2020-03-30T19:51:34.000Z,156,81,,1
1228,2020-01-18T01:19:58.000Z,156,177,,2
1233,2020-01-05T00:32:54.000Z,158,19,,2
1234,2020-04-02T14:05:23.000Z,158,36,,3
1280,2020-03-25T19:21:17.000Z,169,14,,0
1285,2020-02-07T22:44:48.000Z,169,145,,1
1293,2020-02-17T18:43:55.000Z,170,98,4.08,2
1314,2020-04-01T01:41:04.000Z,173,145,,3
1340,2020-01-26T21:56:47.000Z,177,45,,2
1347,2020-02-20T11:54:19.000Z,179,188,,1
1348,2020-01-17T19:25:57.000Z,179,69,,2
1352,2020-03-14T13:06:15.000Z,179,116,,1
1357,2020-01-17T15:05:21.000Z,179,73,,16
1365,2020-03-10T23:05:30.000Z,183,86,,1
1374,2020-04-09T10:12:22.000Z,183,46,,2
1383,2020-02-21T15:05:02.000Z,186,112,,2
1387,2020-03-24T20:16:15.000Z,187,74,,1
1398,2020-02-27T05:48:44.000Z,198,71,,1
1403,2020-01-01T16:25:57.000Z,198,162,,2
1405,2020-02-29T07:13:04.000Z,198,37,,1
1416,2020-01-31T07:57:02.000Z,200,141,,2
1423,2020-01-12T01:25:34.000Z,201,54,,1
1432,2020-03-03T17:42:55.000Z,203,177,,1
1435,2020-01-15T00:55:48.000Z,204,171,,2
1443,2020-01-03T16:47:48.000Z,205,70,,1
1456,2020-01-01T13:59:20.000Z,208,66,,3
1465,2020-01-02T15:54:01.000Z,208,42,7.17,2
1467,2020-01-28T06:14:04.000Z,208,77,,3
1468,2020-03-22T14:41:05.000Z,208,33,,1
1469,2020-03-16T04:45:34.000Z,208,76,,1
1487,2020-03-12T05:43:13.000Z,213,107,,1
1492,2020-03-14T18:48:41.000Z,213,18,,1
1495,2020-01-29T23:32:51.000Z,215,11,3.13,2
1496,2020-04-03T13:03:44.000Z,215,86,,2
1499,2020-02-27T02:21:13.000Z,215,62,,2
1508,2020-04-19T14:07:15.000Z,216,28,,2
1513,2020-01-07T06:04:24.000Z,216,49,,1
1516,2020-03-17T06:50:01.000Z,216,117,7.71,1
1520,2020-01-26T05:04:17.000Z,217,75,,2
1549,2020-01-10T08:40:14.000Z,222,84,,2
1550,2020-02-08T14:58:15.000Z,222,57,,11
1551,2020-01-14T03:46:55.000Z,222,150,6.46,1
1563,2020-02-29T03:20:24.000Z,223,20,,1
1571,2020-03-26T02:09:55.000Z,223,124,,1
1584,2020-02-01T23:29:57.000Z,225,113,,2
1587,2020-04-10T01:08:04.000Z,225,79,,3
1593,2020-03-26T11:11:21.000Z,226,175,,1
1595,2020-03-11T00:38:40.000Z,226,119,,0
1597,2020-02-28T16:20:37.000Z,226,196,,1
1649,2020-02-04T22:49:38.000Z,233,8,,2
1658,2020-02-28T06:15:45.000Z,234,149,2.91,2
1667,2020-03-27T05:06:24.000Z,234,187,,1
1681,2020-02-14T18:55:03.000Z,235,129,,2
1688,2020-03-30T21:58:39.000Z,236,28,,1
1692,2020-03-22T00:47:24.000Z,236,77,,1
1698,2020-03-01T11:18:39.000Z,236,172,,1
1704,2020-01-10T12:53:33.000Z,239,148,,2
1708,2020-04-06T19:42:17.000Z,240,66,7.27,2
1715,2020-01-13T18:49:12.000Z,240,143,,2
1718,2020-03-30T17:56:20.000Z,240,32,,8
1722,2020-02-08T16:35:18.000Z,243,16,,1
1723,2020-03-04T16:16:16.000Z,243,67,,1
1727,2020-02-21T03:08:49.000Z,243,27,,2
1728,2020-02-16T02:04:28.000Z,243,148,,2
1739,2020-02-15T06:47:12.000Z,244,19,,1
1747,2020-01-23T12:59:58.000Z,245,192,,1
1756,2020-02-03T01:55:18.000Z,245,59,,2
1762,2020-01-30T14:34:09.000Z,246,63,,1
1763,2020-02-21T06:24:21.000Z,246,8,,1
1764,2020-03-17T23:26:42.000Z,246,154,,1
1772,2020-03-18T19:53:42.000Z,246,134,,1
1773,2020-01-27T10:41:45.000Z,246,114,,2
1777,2020-03-23T00:10:43.000Z,250,195,,1
1783,2020-02-10T02:24:02.000Z,251,189,,2
1785,2020-02-02T06:55:50.000Z,251,59,,2
1824,2020-01-08T09:24:35.000Z,259,185,,3
1827,2020-01-14T21:46:11.000Z,260,136,,2
1840,2020-01-07T15:11:40.000Z,261,171,,2
1853,2020-03-09T00:02:12.000Z,261,142,,1
1855,2020-01-19T11:30:33.000Z,261,54,,3
1856,2020-01-09T15:44:54.000Z,261,46,,2
1864,2020-03-13T15:12:39.000Z,265,8,,1
1865,2020-01-26T11:51:52.000Z,265,31,,3
1873,2020-01-10T01:04:18.000Z,265,165,,2
1878,2020-01-15T14:33:03.000Z,265,124,,2
1882,2020-04-06T22:34:59.000Z,266,41,1.64,3
1883,2020-02-24T16:19:55.000Z,266,32,6.14,2
1885,2020-03-22T01:18:14.000Z,266,188,,1
1897,2020-03-12T06:25:25.000Z,269,184,,1
1899,2020-03-28T16:07:07.000Z,269,196,8.19,1
1905,2020-03-02T07:39:51.000Z,269,115,,1
1914,2020-01-27T01:15:41.000Z,269,107,,2
1924,2020-01-25T20:36:42.000Z,271,107,,2
1935,2020-02-02T15:47:14.000Z,271,147,,1
1950,2020-02-17T01:09:00.000Z,272,58,,1
1951,2020-02-05T19:21:32.000Z,272,64,,2
1957,2020-01-13T23:46:08.000Z,272,60,2.96,2
1959,2020-01-21T16:59:44.000Z,272,39,7.46,2
1963,2020-04-03T01:44:42.000Z,274,101,,2
1972,2020-04-16T12:47:08.000Z,275,8,2.22,3
1976,2020-02-02T18:31:05.000Z,275,62,,1
1989,2020-03-09T05:44:58.000Z,276,67,,1
2025,2020-02-03T04:14:34.000Z,279,145,,1
2027,2020-03-30T23:24:48.000Z,282,175,2.44,1
2031,2020-01-14T01:33:25.000Z,282,154,,2
2034,2020-01-27T05:57:03.000Z,282,62,,2
2042,2020-01-13T12:51:18.000Z,285,149,,2
2071,2020-01-05T18:42:36.000Z,289,161,,1
2079,2020-01-13T06:11:38.000Z,290,172,,2
2105,2020-03-04T03:13:20.000Z,296,135,,1
2112,2020-02-11T03:16:59.000Z,296,119,,1
2121,2020-03-06T10:07:26.000Z,300,115,,1
2131,2020-03-08T07:39:23.000Z,300,87,,1
2140,2020-01-20T15:36:35.000Z,303,100,,2
2142,2020-01-29T20:31:21.000Z,303,178,,1
2152,2020-03-25T01:01:37.000Z,303,120,,1
2158,2020-03-10T08:04:24.000Z,304,43,5.13,1
2160,2020-01-23T03:40:25.000Z,304,65,,1
2175,2020-02-02T16:21:12.000Z,305,110,,1
2176,2020-03-02T10:45:03.000Z,305,29,,1
2192,2020-01-03T04:37:25.000Z,306,41,,2
2201,2020-03-27T16:55:12.000Z,307,94,,1
2225,2020-02-09T09:27:51.000Z,310,179,3.92,1
2228,2020-02-22T23:01:51.000Z,311,137,,2
2238,2020-04-18T21:57:09.000Z,311,107,,3
2245,2020-02-26T15:36:18.000Z,312,124,,2
2248,2020-04-11T01:32:30.000Z,313,161,,3
2251,2020-02-27T10:25:02.000Z,313,67,,2
2257,2020-04-07T20:29:25.000Z,313,72,,2
2264,2020-03-12T23:51:04.000Z,313,37,,1
2268,2020-04-05T10:08:53.000Z,313,27,,2
2283,2020-02-03T16:33:28.000Z,317,190,,1
2285,2020-02-15T01:18:36.000Z,318,21,7.01,1
2289,2020-01-19T06:41:38.000Z,318,23,,1
2296,2020-04-13T05:06:51.000Z,318,81,,3
2307,2020-01-13T11:01:33.000Z,322,62,,2
2311,2020-01-27T04:58:26.000Z,322,7,,2
2354,2020-02-24T19:03:16.000Z,328,63,,1
2357,2020-03-24T14:00:59.000Z,328,49,,1
2373,2020-04-02T06:47:51.000Z,329,81,,2
2391,2020-03-21T19:23:39.000Z,331,192,,1
2398,2020-02-29T05:05:54.000Z,332,12,,2
2413,2020-01-06T17:14:36.000Z,334,137,,2
2414,2020-04-01T07:59:09.000Z,334,37,,3
2415,2020-04-09T09:19:20.000Z,336,30,8.0,2
2416,2020-04-02T16:15:49.000Z,336,175,,2
2418,2020-01-07T05:16:23.000Z,336,2,,2
2423,2020-03-26T03:42:36.000Z,336,136,,1
2441,2020-01-30T02:24:45.000Z,338,108,2.89,2
2451,2020-01-16T18:13:28.000Z,338,32,,2
2460,2020-04-17T00:11:49.000Z,338,99,,3
2467,2020-03-29T20:54:55.000Z,342,147,,1
2474,2020-04-07T12:27:53.000Z,342,156,,3
2481,2020-02-01T10:53:00.000Z,342,30,,1
2482,2020-01-23T09:25:20.000Z,344,67,,2
2497,2020-01-02T18:19:12.000Z,345,104,,2
2506,2020-01-09T08:13:16.000Z,347,65,,2
2522,2020-01-16T07:56:47.000Z,348,87,,1
2533,2020-04-11T03:14:25.000Z,350,101,,3
2534,2020-04-01T15:13:52.000Z,350,135,,2
2546,2020-01-21T14:08:10.000Z,351,181,,2
2576,2020-04-10T11:18:02.000Z,354,157,5.48,2
2577,2020-03-08T03:44:02.000Z,354,133,,1
2578,2020-02-09T18:58:49.000Z,354,154,,1
2581,2020-01-01T01:38:03.000Z,355,67,,2
2587,2020-01-28T04:13:38.000Z,356,177,,1
2594,2020-01-20T20:41:36.000Z,356,195,,1
2618,2020-02-22T22:58:19.000Z,359,140,,1
2621,2020-04-16T08:43:19.000Z,360,165,,3
2623,2020-01-03T03:16:21.000Z,361,18,,1
2634,2020-04-06T02:52:22.000Z,361,174,,2
2678,2020-04-16T15:40:30.000Z,375,175,,3
2692,2020-02-19T00:13:15.000Z,376,9,,1
2696,2020-03-21T09:19:15.000Z,376,5,,1
2698,2020-02-14T07:09:05.000Z,376,61,,1
2699,2020-03-12T23:36:14.000Z,376,164,,1
2705,2020-03-13T01:59:52.000Z,376,67,,1
2712,2020-03-29T05:38:30.000Z,376,151,6.85,1
2713,2020-01-17T07:36:41.000Z,376,120,,2
2731,2020-01-31T17:37:26.000Z,379,137,,2
2751,2020-02-08T17:24:14.000Z,386,193,,2
2757,2020-02-12T23:14:59.000Z,388,79,3.04,2
2760,2020-02-07T18:57:27.000Z,389,19,,1
2765,2020-02-08T22:29:53.000Z,389,141,,1
2769,2020-01-26T09:36:55.000Z,390,40,,2
2776,2020-04-10T13:05:29.000Z,391,94,,4
2784,2020-03-31T09:13:59.000Z,391,96,5.43,1
2787,2020-04-09T22:32:02.000Z,391,58,,4
2789,2020-01-08T03:35:14.000Z,391,142,,3
2809,2020-02-23T06:03:05.000Z,398,157,,1
2813,2020-02-16T03:57:04.000Z,399,50,7.0,1
2818,2020-03-14T14:19:23.000Z,399,191,2.5,1
2822,2020-04-03T17:25:09.000Z,399,160,,3
2826,2020-01-27T06:16:52.000Z,399,98,,2
2849,2020-03-14T17:05:23.000Z,403,27,,1
2850,2020-03-28T12:03:39.000Z,403,29,,1
2857,2020-02-15T23:22:07.000Z,403,133,,1
2866,2020-04-07T02:10:42.000Z,404,75,,2
2874,2020-03-10T05:24:59.000Z,406,34,,1
2875,2020-02-16T02:00:37.000Z,406,48,,2
2881,2020-03-12T16:25:18.000Z,407,71,,1
2893,2020-02-08T17:20:29.000Z,407,5,,1
2905,2020-01-19T05:17:45.000Z,411,8,,2
2906,2020-02-14T13:45:26.000Z,411,162,,1
2914,2020-03-29T23:33:15.000Z,411,35,,1
2925,2020-02-15T19:42:57.000Z,412,191,,1
2938,2020-04-03T15:17:33.000Z,412,48,,3
2945,2020-01-17T22:49:31.000Z,413,71,,2
2954,2020-02-06T23:16:09.000Z,413,197,,2
2957,2020-04-04T05:12:56.000Z,413,139,,2
2966,2020-02-04T04:45:25.000Z,417,13,,1
2973,2020-04-11T18:01:28.000Z,417,71,,3
2999,2020-01-20T07:04:13.000Z,420,185,,2
3001,2020-01-17T16:02:28.000Z,421,106,,2
3005,2020-01-05T06:34:33.000Z,423,137,,2
3010,2020-03-23T02:24:01.000Z,423,106,,1
3016,2020-02-15T05:39:58.000Z,425,97,,2
3025,2020-03-01T16:44:38.000Z,432,83,,1
3027,2020-03-15T16:26:41.000Z,432,195,7.14,1
3041,2020-02-20T19:07:30.000Z,436,179,,2
3046,2020-01-26T13:56:53.000Z,436,46,,2
3054,2020-03-26T20:54:56.000Z,439,140,,1
3055,2020-01-12T18:08:34.000Z,439,191,,2
3058,2020-04-05T21:39:51.000Z,439,160,,4
3070,2020-04-07T04:03:34.000Z,441,47,,3
3073,2020-01-12T03:26:57.000Z,441,188,2.6,2
3086,2020-02-28T06:56:57.000Z,441,18,,1
3088,2020-04-02T05:11:06.000Z,441,35,,3
3098,2020-01-31T07:24:13.000Z,443,166,,2
3118,2020-01-01T22:38:47.000Z,444,13,,1
3122,2020-03-26T07:24:15.000Z,446,88,,1
3131,2020-01-16T22:13:40.000Z,447,169,,3
3161,2020-01-08T16:41:23.000Z,449,118,,2
3165,2020-03-09T02:08:23.000Z,449,130,6.06,1
3183,2020-02-14T20:30:11.000Z,452,39,7.5,1
3186,2020-03-29T18:47:24.000Z,452,54,,1
3201,2020-02-27T01:04:12.000Z,453,14,,1
3216,2020-01-28T11:51:00.000Z,454,178,,2
3235,2020-04-17T22:57:42.000Z,458,194,,2
3239,2020-03-15T10:17:41.000Z,458,93,,1
3249,2020-03-16T20:08:54.000Z,459,52,,1
3257,2020-04-07T14:00:04.000Z,459,86,,2
3258,2020-04-13T16:58:21.000Z,459,136,,1
3264,2020-03-31T20:48:56.000Z,461,128,,0
3271,2020-02-06T02:27:41.000Z,461,179,,2
3284,2020-01-03T18:24:48.000Z,466,134,,2
3296,2020-03-31T08:39:46.000Z,468,107,,1
3297,2020-03-06T20:11:19.000Z,468,102,,1
3312,2020-03-15T18:37:29.000Z,470,83,,1
3323,2020-01-26T03:36:47.000Z,472,117,,2
3326,2020-01-29T21:07:59.000Z,472,149,,2
3327,2020-01-08T13:00:47.000Z,472,97,,2
3331,2020-02-24T04:31:24.000Z,476,10,8.84,2
3339,2020-01-22T05:36:19.000Z,476,130,,2
3342,2020-03-10T14:21:34.000Z,481,123,,1
3357,2020-01-31T06:49:38.000Z,482,153,,2
3363,2020-02-03T13:15:13.000Z,483,38,,1
3390,2020-02-05T19:40:28.000Z,485,23,,2
3413,2020-03-05T21:39:35.000Z,488,161,,1
3420,2020-04-15T01:33:58.000Z,488,116,6.58,2
3423,2020-04-09T06:36:43.000Z,489,22,2.08,2
3435,2020-04-16T05:06:57.000Z,490,149,,2
3442,2020-02-09T14:57:05.000Z,490,91,,1
3458,2020-01-15T05:25:32.000Z,493,86,,2
3460,2020-04-01T19:44:22.000Z,493,151,,3
3464,2020-03-06T15:31:39.000Z,493,141,,1
3467,2020-02-14T05:21:19.000Z,493,81,,1
3481,2020-01-21T21:51:12.000Z,497,166,,1
3484,2020-03-13T22:57:13.000Z,497,141,,1
3514,2020-01-31T00:17:46.000Z,500,123,,2
3534,2020-02-21T04:37:07.000Z,503,195,,2
3539,2020-01-23T21:28:28.000Z,503,89,,2
3543,2020-01-10T23:37:52.000Z,503,181,,2
3553,2020-03-08T08:09:00.000Z,504,7,2.6,1
3555,2020-03-16T15:26:27.000Z,504,132,,1
3559,2020-04-16T23:11:32.000Z,504,156,,2
3562,2020-03-26T14:54:27.000Z,504,123,,1
3568,2020-02-20T20:34:02.000Z,507,186,,2
3573,2020-03-02T09:33:15.000Z,508,170,,1
3578,2020-01-14T06:55:46.000Z,508,121,,2
3591,2020-04-01T10:13:04.000Z,509,153,,3
3610,2020-03-18T21:50:34.000Z,511,119,,1
3612,2020-04-04T08:19:32.000Z,511,124,7.66,4
3635,2020-01-11T17:54:41.000Z,513,76,,2
3638,2020-02-20T11:47:35.000Z,513,191,7.13,1
3659,2020-04-12T14:41:01.000Z,519,125,,3
3673,2020-01-18T16:39:45.000Z,520,31,2.06,2
3675,2020-01-06T16:34:13.000Z,520,144,,1
3689,2020-04-17T08:05:00.000Z,521,56,3.77,3
3703,2020-03-14T09:29:51.000Z,522,49,,1
3705,2020-02-12T02:53:47.000Z,522,98,,2
3706,2020-03-25T11:19:16.000Z,522,58,,1
3712,2020-01-16T06:39:08.000Z,525,91,,1
3722,2020-03-02T07:23:56.000Z,526,89,,1
3732,2020-01-29T00:48:55.000Z,526,153,,3
3735,2020-02-07T19:12:23.000Z,527,23,,1
3744,2020-01-29T11:32:19.000Z,527,37,,3
3767,2020-03-25T12:22:42.000Z,531,1,,1
3783,2020-02-28T05:38:15.000Z,531,71,,2
3793,2020-01-22T20:38:04.000Z,535,144,,2
3803,2020-02-22T18:30:29.000Z,536,132,,2
3825,2020-02-10T05:06:39.000Z,537,160,,1
3832,2020-02-24T13:28:59.000Z,538,139,,2
3837,2020-04-18T11:38:11.000Z,538,198,,2
3840,2020-04-13T18:46:17.000Z,538,17,,2
3841,2020-01-15T12:55:39.000Z,538,124,,1
3843,2020-04-18T19:02:16.000Z,538,149,,2
3850,2020-04-11T13:07:54.000Z,540,19,,2
3857,2020-02-05T21:25:18.000Z,540,120,,2
3859,2020-01-11T23:25:17.000Z,542,172,,2
3878,2020-01-29T16:08:14.000Z,544,170,,1
3883,2020-04-05T03:07:40.000Z,544,158,,3
3886,2020-01-22T10:32:02.000Z,544,3,,2
3890,2020-02-12T03:33:00.000Z,544,195,,2
3912,2020-04-10T19:07:31.000Z,549,20,,2
3924,2020-02-28T20:10:21.000Z,550,109,,2
3955,2020-03-28T16:42:16.000Z,552,45,,1
3958,2020-03-27T17:48:15.000Z,554,88,,1
3960,2020-01-18T12:28:25.000Z,554,6,,1
3961,2020-03-19T01:28:18.000Z,554,17,,0
3976,2020-02-04T14:59:49.000Z,555,147,,1
3994,2020-04-05T09:17:05.000Z,557,71,,3
4006,2020-04-16T03:48:00.000Z,558,178,,3
4014,2020-02-10T01:40:25.000Z,558,48,,2
4018,2020-04-04T09:34:15.000Z,558,165,,2
4040,2020-01-06T07:26:44.000Z,561,46,,2
4042,2020-02-01T14:31:20.000Z,561,151,,1
4046,2020-04-17T05:59:24.000Z,561,157,,4
4047,2020-02-15T03:53:36.000Z,561,123,,2
4052,2020-04-02T06:24:16.000Z,561,59,,2
4060,2020-04-04T22:46:28.000Z,564,25,,2
4061,2020-03-29T12:37:18.000Z,564,47,,1
4072,2020-01-31T17:51:09.000Z,564,190,,1
4091,2020-04-09T08:19:27.000Z,566,61,,3
4092,2020-03-05T21:11:25.000Z,566,106,,1
4098,2020-04-08T21:33:16.000Z,567,32,,3
4127,2020-01-16T20:16:11.000Z,571,134,,3
4143,2020-01-07T15:37:26.000Z,574,133,,2
4148,2020-04-19T08:43:42.000Z,576,130,,2
4154,2020-01-16T18:11:17.000Z,576,94,,2
4156,2020-02-04T01:58:03.000Z,577,119,,1
4157,2020-03-11T09:58:26.000Z,577,2,,1
4180,2020-01-04T22:14:19.000Z,578,5,,2
4184,2020-03-28T08:36:30.000Z,578,13,,1
4201,2020-01-02T13:02:21.000Z,581,190,,2
4205,2020-02-13T19:28:10.000Z,581,73,,1
4216,2020-02-11T12:17:35.000Z,583,85,,1
4231,2020-03-30T13:22:16.000Z,587,186,,1
4247,2020-01-30T23:14:22.000Z,589,37,,3
4259,2020-03-12T15:56:33.000Z,591,135,,1
4285,2020-04-11T09:59:12.000Z,597,134,,2
4291,2020-01-06T12:53:51.000Z,602,95,,2
4310,2020-04-06T12:22:58.000Z,604,42,,3
4328,2020-02-04T23:14:17.000Z,605,137,,2
4331,2020-01-13T14:14:07.000Z,605,113,,2
4354,2020-02-19T06:02:52.000Z,607,49,,1
4373,2020-01-27T03:23:22.000Z,609,34,,2
4377,2020-01-28T01:52:47.000Z,609,125,7.2,2
4380,2020-04-09T02:03:11.000Z,609,7,,3
4381,2020-03-30T21:51:35.000Z,609,60,,1
4394,2020-02-06T06:30:50.000Z,611,165,,1
4404,2020-02-13T14:19:38.000Z,613,133,,1
4407,2020-02-01T07:03:41.000Z,613,7,,1
4458,2020-01-11T07:06:16.000Z,617,66,,1
4462,2020-04-11T13:58:48.000Z,620,128,,2
4472,2020-03-25T12:58:43.000Z,620,169,2.81,1
4475,2020-02-27T17:00:33.000Z,620,190,,2
4487,2020-03-13T15:54:05.000Z,622,22,,1
4488,2020-01-28T17:22:18.000Z,622,120,,1
4501,2020-03-17T07:05:29.000Z,624,98,,1
4523,2020-04-18T13:50:09.000Z,627,173,,3
4537,2020-01-19T03:29:54.000Z,630,23,5.62,1
4576,2020-02-24T06:27:36.000Z,637,195,,1
4585,2020-03-20T02:27:41.000Z,638,151,,1
4592,2020-04-02T11:55:51.000Z,641,43,,2
4606,2020-03-05T04:52:35.000Z,642,120,,1
4607,2020-02-16T19:35:06.000Z,642,4,,2
4608,2020-01-22T11:16:19.000Z,642,185,,2
4621,2020-01-16T12:35:15.000Z,643,94,,2
4643,2020-01-20T10:12:50.000Z,644,158,,2
4662,2020-02-23T04:18:19.000Z,644,147,,2
4665,2020-04-10T03:18:14.000Z,644,44,8.15,3
4670,2020-02-08T01:04:57.000Z,646,29,,2
4679,2020-01-12T08:27:45.000Z,646,78,,1
4701,2020-02-07T03:49:09.000Z,650,144,,1
4703,2020-03-06T11:15:04.000Z,650,200,1.76,1
4705,2020-03-16T05:25:20.000Z,650,166,,1
4738,2020-02-11T08:50:29.000Z,653,50,,2
4756,2020-03-28T14:01:54.000Z,654,175,,1
4758,2020-01-14T03:47:15.000Z,654,77,9.4,2
4760,2020-01-05T23:27:49.000Z,654,66,,2
4776,2020-01-01T12:04:52.000Z,656,88,,1
4803,2020-03-14T22:05:57.000Z,658,15,,1
4810,2020-02-18T07:54:47.000Z,658,50,,2
4818,2020-03-03T20:22:58.000Z,659,18,,1
4819,2020-03-08T00:04:56.000Z,659,61,,1
4827,2020-02-16T20:00:41.000Z,664,88,,2
4851,2020-01-01T01:10:05.000Z,665,63,,2
4852,2020-01-18T10:12:04.000Z,665,59,6.63,2
4853,2020-03-14T01:13:06.000Z,665,154,,1
4860,2020-03-28T10:22:18.000Z,665,186,,1
4863,2020-03-03T13:57:04.000Z,665,162,,1
4864,2020-01-24T23:12:04.000Z,665,129,,2
4866,2020-02-08T02:54:17.000Z,665,116,,2
4868,2020-03-06T00:32:42.000Z,665,167,,1
4887,2020-01-27T06:37:54.000Z,667,16,6.95,1
4906,2020-01-06T07:32:02.000Z,670,67,,2
4926,2020-01-16T09:45:03.000Z,671,56,,1
4936,2020-04-04T03:10:49.000Z,671,53,,4
4954,2020-04-14T05:35:06.000Z,673,70,,3
4963,2020-01-01T05:02:41.000Z,673,95,,2
4995,2020-02-02T15:49:16.000Z,678,49,,1
5029,2020-04-02T13:49:43.000Z,681,164,,2
5032,2020-01-18T03:21:43.000Z,681,104,,3
5046,2020-04-07T04:34:50.000Z,682,87,,3
5054,2020-04-13T01:58:35.000Z,683,136,,32
5060,2020-02-22T15:46:28.000Z,683,53,,2
5066,2020-02-25T21:30:56.000Z,684,132,,1
5070,2020-01-15T04:03:50.000Z,684,38,,1
5082,2020-01-25T14:41:33.000Z,686,149,,2
5097,2020-04-03T18:01:29.000Z,686,178,8.04,4
5098,2020-02-23T05:24:03.000Z,687,9,,2
5101,2020-02-16T17:47:59.000Z,687,37,,2
5114,2020-02-29T07:03:46.000Z,691,131,,2
5118,2020-01-14T09:15:20.000Z,691,171,,2
5125,2020-03-29T19:23:36.000Z,691,87,,1
5151,2020-03-25T02:20:35.000Z,694,132,3.89,1
5156,2020-04-15T09:45:31.000Z,697,45,,3
5157,2020-03-03T23:02:44.000Z,697,116,,1
5169,2020-04-08T02:25:15.000Z,699,172,,2
5170,2020-01-22T17:26:13.000Z,699,129,,1
5175,2020-01-31T06:59:51.000Z,700,167,,1
5185,2020-02-09T10:28:23.000Z,700,197,2.21,1
5188,2020-01-01T08:06:34.000Z,700,114,,2
5218,2020-02-29T09:47:38.000Z,704,14,,1
5237,2020-04-17T09:53:34.000Z,706,91,,2
5243,2020-03-05T03:55:29.000Z,706,179,,1
5246,2020-03-20T01:44:40.000Z,706,148,,1
5255,2020-01-16T11:47:15.000Z,709,32,,2
5256,2020-01-13T00:41:18.000Z,709,49,,2
5267,2020-02-27T19:56:18.000Z,710,139,,1
5273,2020-04-10T23:45:23.000Z,710,59,,2
5276,2020-01-20T13:31:03.000Z,710,92,,2
5280,2020-03-11T03:24:42.000Z,710,154,,1
5283,2020-03-15T19:28:12.000Z,710,188,,1
5287,2020-01-23T06:00:15.000Z,710,86,,2
5299,2020-02-09T03:12:13.000Z,712,141,,1
5305,2020-03-29T00:03:35.000Z,712,129,,1
5325,2020-03-31T06:35:46.000Z,713,85,,1
5333,2020-02-15T16:11:13.000Z,714,12,,1
5338,2020-04-09T18:36:14.000Z,714,197,1.81,2
5342,2020-01-21T16:59:11.000Z,714,80,,16
5344,2020-03-17T09:45:59.000Z,714,5,,11
5347,2020-03-07T23:06:49.000Z,716,56,,1
5349,2020-04-14T13:09:24.000Z,718,77,,2
5356,2020-03-31T06:05:00.000Z,718,6,,1
5369,2020-04-06T14:24:35.000Z,723,163,,30
5386,2020-04-18T09:09:26.000Z,724,24,,2
5387,2020-03-14T07:15:49.000Z,724,69,,1
5389,2020-03-29T13:34:43.000Z,725,59,,1
5402,2020-03-16T11:43:04.000Z,728,177,,1
5403,2020-03-01T11:24:11.000Z,728,170,,1
5415,2020-03-11T11:43:27.000Z,731,49,2.5,1
5424,2020-01-04T06:20:37.000Z,736,160,,2
5434,2020-01-09T10:34:11.000Z,736,36,,2
5451,2020-04-09T07:14:12.000Z,741,65,9.12,3
5452,2020-04-09T16:22:14.000Z,741,24,,4
5458,2020-04-02T17:37:22.000Z,741,123,,3
5464,2020-03-04T18:48:30.000Z,741,62,,1
5474,2020-03-12T18:12:53.000Z,744,31,,1
5477,2020-03-16T17:14:45.000Z,744,160,,1
5494,2020-04-13T22:39:39.000Z,750,108,,3
5502,2020-01-08T17:05:10.000Z,754,54,,2
5513,2020-02-24T11:44:35.000Z,754,98,,2
5522,2020-01-05T05:09:07.000Z,755,9,9.91,2
5528,2020-02-29T05:11:33.000Z,756,146,,1
5538,2020-03-05T17:45:18.000Z,756,161,,1
5548,2020-02-07T14:04:16.000Z,757,37,,2
5549,2020-02-18T23:55:09.000Z,757,170,,2
5553,2020-01-11T14:13:17.000Z,758,32,9.99,3
5561,2020-02-27T22:26:07.000Z,762,169,,2
5594,2020-01-05T06:29:30.000Z,768,162,,2
5596,2020-02-29T21:22:43.000Z,768,67,,2
5607,2020-01-13T18:10:41.000Z,769,75,,2
5610,2020-01-24T07:34:23.000Z,769,9,,2
5611,2020-03-19T04:52:09.000Z,770,81,,1
5621,2020-03-11T08:32:09.000Z,770,103,,1
5640,2020-01-16T18:50:17.000Z,773,61,,2
5648,2020-03-06T23:34:35.000Z,773,86,,1
5669,2020-01-08T18:15:51.000Z,774,115,,2
5675,2020-03-23T09:23:41.000Z,774,66,,1
5697,2020-01-06T04:36:23.000Z,778,37,,21
5700,2020-03-09T04:32:34.000Z,778,2,1.65,1
5710,2020-03-24T19:46:07.000Z,780,9,,1
5717,2020-04-06T20:42:25.000Z,780,132,,3
5722,2020-01-09T15:28:07.000Z,782,126,3.42,2
5748,2020-04-15T11:05:49.000Z,784,94,,4
5750,2020-01-13T15:21:32.000Z,784,79,,2
5755,2020-03-10T02:37:48.000Z,785,3,,1
5758,2020-02-01T21:05:21.000Z,785,110,,2
5768,2020-01-18T12:08:35.000Z,788,11,,2
5781,2020-03-14T17:15:16.000Z,789,98,,1
5782,2020-03-21T19:01:48.000Z,789,149,,1
5783,2020-01-31T21:14:05.000Z,789,6,,2
5787,2020-01-03T14:47:41.000Z,790,133,,2
5810,2020-03-11T03:36:03.000Z,791,166,,1
5821,2020-01-26T23:46:46.000Z,792,43,4.86,3
5828,2020-03-18T14:47:42.000Z,793,99,,1
5858,2020-02-26T01:22:08.000Z,794,188,,1
5859,2020-04-12T12:48:22.000Z,794,144,,2
5864,2020-02-07T12:19:28.000Z,794,74,,2
5865,2020-03-12T06:42:56.000Z,794,22,,1
5866,2020-01-24T14:42:46.000Z,794,92,,2
5870,2020-03-06T18:00:42.000Z,794,22,,1
5889,2020-02-20T18:24:02.000Z,797,146,,1
5897,2020-04-14T16:02:37.000Z,799,177,,1
5907,2020-01-26T18:56:31.000Z,799,91,,1
5916,2020-03-31T07:45:57.000Z,799,22,,1
5929,2020-01-06T18:11:34.000Z,800,78,,2
5933,2020-03-11T02:32:11.000Z,800,81,7.16,1
5937,2020-03-09T05:09:48.000Z,800,160,,1
5940,2020-02-06T15:54:10.000Z,800,66,,1
5949,2020-04-12T21:35:43.000Z,800,132,,2
5951,2020-01-22T08:49:39.000Z,800,123,,2
5956,2020-02-07T08:36:15.000Z,801,53,,1
5968,2020-01-27T06:44:58.000Z,801,97,,2
5975,2020-04-04T02:33:23.000Z,801,84,,3
5977,2020-01-27T14:35:41.000Z,801,90,,2
5982,2020-02-01T10:19:24.000Z,803,137,,2
5985,2020-02-11T21:47:59.000Z,803,126,,2
6017,2020-02-18T21:07:00.000Z,807,60,,1
6024,2020-03-27T22:40:26.000Z,809,173,,1
6029,2020-03-28T22:35:28.000Z,813,74,,1
6045,2020-03-25T02:09:50.000Z,814,91,,1
6053,2020-04-13T05:50:07.000Z,816,166,,2
6060,2020-02-17T20:03:00.000Z,816,175,,2
6071,2020-03-27T18:47:38.000Z,817,130,,1
6082,2020-03-16T15:59:05.000Z,817,150,,1
6087,2020-02-09T08:40:44.000Z,818,142,,1
6091,2020-02-26T22:18:07.000Z,820,10,,1
6104,2020-03-14T08:05:00.000Z,820,9,,1
6128,2020-03-15T08:48:53.000Z,822,113,,1
6151,2020-01-04T13:51:22.000Z,824,51,,2
6167,2020-03-17T11:25:01.000Z,829,70,,1
6197,2020-02-08T00:06:09.000Z,832,24,,1
6201,2020-02-06T18:44:00.000Z,832,180,,1
6209,2020-02-13T04:29:18.000Z,836,125,,2
6212,2020-02-15T14:59:31.000Z,837,127,,1
6219,2020-02-06T20:16:13.000Z,839,98,,2
6227,2020-02-07T08:46:52.000Z,839,18,,1
6241,2020-02-29T10:50:01.000Z,841,187,,2
6244,2020-01-07T19:23:19.000Z,841,98,,2
6247,2020-01-13T00:43:32.000Z,841,38,3.9,2
6251,2020-03-28T12:57:39.000Z,841,59,,1
6259,2020-02-19T19:03:03.000Z,843,26,,2
6267,2020-01-14T07:43:52.000Z,848,142,,2
6270,2020-04-09T03:02:28.000Z,848,85,,3
6284,2020-01-19T05:44:20.000Z,850,11,5.93,1
6299,2020-02-07T20:52:33.000Z,857,14,,2
6301,2020-04-17T22:34:52.000Z,857,107,,3
6303,2020-01-20T12:20:01.000Z,857,51,3.18,2
6306,2020-03-11T06:39:39.000Z,859,91,,1
6311,2020-02-05T08:21:22.000Z,859,104,,1
6319,2020-01-05T19:27:19.000Z,861,65,,2
6321,2020-03-21T09:01:41.000Z,863,132,,1
6341,2020-01-17T04:44:02.000Z,864,42,,1
6348,2020-04-01T03:26:49.000Z,865,93,,3
6350,2020-02-11T22:03:42.000Z,866,20,,2
6357,2020-03-13T09:31:03.000Z,868,32,,1
6360,2020-02-08T18:08:58.000Z,868,27,,2
6372,2020-01-27T10:05:18.000Z,869,42,,2
6381,2020-01-24T07:19:36.000Z,871,9,,2
6396,2020-02-15T21:17:12.000Z,874,147,,2
6404,2020-01-19T12:31:56.000Z,875,136,,2
6423,2020-02-24T09:32:08.000Z,881,169,,1
6425,2020-02-04T07:11:24.000Z,882,50,,1
6432,2020-04-08T22:36:38.000Z,882,155,,2
6440,2020-03-10T13:18:59.000Z,882,8,3.73,1
6466,2020-02-25T23:32:25.000Z,885,128,,2
6475,2020-01-29T06:32:27.000Z,886,11,,3
6491,2020-02-07T08:28:31.000Z,886,188,,2
6497,2020-03-04T12:18:35.000Z,886,148,,1
6505,2020-03-17T06:48:57.000Z,888,119,,1
6506,2020-03-06T10:16:53.000Z,888,129,,1
6508,2020-01-09T12:27:28.000Z,888,114,,2
6518,2020-03-01T15:12:02.000Z,890,35,,1
6552,2020-01-07T10:08:58.000Z,893,47,,2
6580,2020-03-06T18:14:42.000Z,900,162,,1
6584,2020-01-06T07:03:48.000Z,902,173,,1
6585,2020-02-11T16:42:28.000Z,902,59,,1
6586,2020-02-24T16:45:26.000Z,902,93,,1
6598,2020-02-03T19:31:55.000Z,902,37,,2
6614,2020-01-23T22:28:55.000Z,905,178,,2
6618,2020-03-05T06:49:18.000Z,905,45,,1
6625,2020-01-03T16:43:34.000Z,906,56,,1
6628,2020-01-08T13:37:43.000Z,906,109,,2
6637,2020-04-17T11:34:30.000Z,907,183,,2
6641,2020-02-10T20:51:52.000Z,907,140,,2
6673,2020-02-29T23:31:01.000Z,910,14,,1
6676,2020-03-09T23:36:47.000Z,911,190,,1
6681,2020-01-12T19:05:55.000Z,911,49,,2
6706,2020-02-12T10:08:28.000Z,913,23,,2
6709,2020-03-20T18:01:43.000Z,913,115,,1
6710,2020-01-19T22:55:46.000Z,913,113,,2
6729,2020-03-07T04:36:42.000Z,915,47,,1
6739,2020-01-17T01:59:23.000Z,916,183,,2
6744,2020-01-27T04:49:33.000Z,916,157,,2
6750,2020-02-03T00:32:49.000Z,916,149,,2
6771,2020-03-14T17:25:39.000Z,917,63,,1
6775,2020-01-11T07:07:35.000Z,918,121,,2
6784,2020-02-13T06:28:41.000Z,918,80,,1
6787,2020-02-10T07:48:27.000Z,918,128,,1
6791,2020-03-15T08:47:17.000Z,918,169,,1
6800,2020-03-08T12:48:52.000Z,918,2,,0
6814,2020-01-15T09:37:16.000Z,918,49,,1
6816,2020-01-05T23:34:47.000Z,918,98,,1
6824,2020-03-19T11:00:02.000Z,919,55,,1
6897,2020-02-12T11:05:37.000Z,931,71,,1
6898,2020-03-27T08:44:04.000Z,931,103,,1
6901,2020-02-14T07:37:34.000Z,931,130,,2
6903,2020-01-27T23:54:58.000Z,931,76,,3
6946,2020-01-06T16:28:27.000Z,936,98,,2
6951,2020-01-04T12:13:27.000Z,936,76,,2
6964,2020-03-26T02:17:40.000Z,939,71,,1
6966,2020-02-22T17:48:38.000Z,939,165,,2
6967,2020-04-06T01:54:42.000Z,939,12,,30
6970,2020-04-02T10:41:11.000Z,939,142,,4
6971,2020-02-21T00:21:55.000Z,939,140,,2
6973,2020-01-18T05:02:53.000Z,940,137,,2
6985,2020-01-28T13:18:13.000Z,940,45,,16
6991,2020-02-08T14:11:32.000Z,942,42,,1
6994,2020-03-17T20:45:17.000Z,942,30,,1
7025,2020-01-16T16:04:23.000Z,944,46,,2
7027,2020-02-03T09:19:24.000Z,949,23,,2
7032,2020-01-31T09:52:06.000Z,949,161,,2
7038,2020-02-19T02:33:38.000Z,953,200,,2
7054,2020-02-02T15:53:14.000Z,955,146,,2
7055,2020-02-16T22:29:38.000Z,957,82,,2
7061,2020-03-30T08:18:40.000Z,960,46,,1
7062,2020-04-02T20:28:37.000Z,960,135,9.51,3
7067,2020-01-17T06:40:42.000Z,961,75,,2
7084,2020-04-14T09:58:08.000Z,962,176,,3
7118,2020-03-28T09:05:36.000Z,968,87,,1
7145,2020-04-02T17:14:27.000Z,969,92,5.89,1
7158,2020-02-10T03:35:51.000Z,970,142,,1
7167,2020-02-10T11:15:06.000Z,972,44,,1
7181,2020-03-30T09:24:53.000Z,975,56,,1
7211,2020-02-25T17:53:35.000Z,977,50,,2
7243,2020-04-13T01:35:24.000Z,981,91,,2
7249,2020-04-09T20:26:12.000Z,981,14,,4
7252,2020-02-16T02:21:04.000Z,983,74,,2
7257,2020-04-18T03:48:05.000Z,983,195,,4
7260,2020-04-11T05:32:39.000Z,983,95,,3
7277,2020-02-19T22:18:11.000Z,992,130,,1
7280,2020-01-16T00:29:26.000Z,992,42,6.67,2
7304,2020-01-20T22:03:38.000Z,995,31,,2
7306,2020-03-22T17:57:26.000Z,995,22,,1
7319,2020-02-19T00:44:18.000Z,997,54,,1
7327,2020-02-08T02:42:56.000Z,999,85,,1
7331,2020-01-05T12:10:59.000Z,999,129,,2
7345,2020-04-18T18:49:09.000Z,1000,56,,4
7349,2020-01-05T09:37:12.000Z,1000,63,,3
7353,2020-01-27T05:51:43.000Z,1002,62,,3
7382,2020-01-31T21:59:34.000Z,1006,28,,1
7389,2020-01-13T14:31:19.000Z,1007,37,,2
7397,2020-03-01T03:39:55.000Z,1007,156,,1
7414,2020-01-30T18:57:07.000Z,1008,114,,1
7422,2020-04-10T20:43:58.000Z,1009,83,,1
7424,2020-04-10T07:04:57.000Z,1009,23,,3
7435,2020-03-18T01:13:43.000Z,1011,145,,1
7454,2020-03-19T03:06:32.000Z,1014,154,,1
7458,2020-04-04T15:03:37.000Z,1014,37,,4
7480,2020-01-18T14:02:34.000Z,1017,35,,2
7487,2020-04-03T12:51:22.000Z,1019,194,,2
7492,2020-04-01T13:49:32.000Z,1019,15,,2
7498,2020-04-02T02:50:44.000Z,1019,150,,2
7501,2020-01-28T01:51:00.000Z,1020,64,6.58,2
7515,2020-03-08T03:12:52.000Z,1023,40,,1
7532,2020-01-28T02:00:00.000Z,1027,1,4.04,2
7534,2020-03-17T19:49:11.000Z,1027,193,8.54,1
7535,2020-02-17T07:01:30.000Z,1027,29,,2
7536,2020-03-14T17:49:29.000Z,1027,139,,1
7566,2020-02-26T18:25:57.000Z,1030,143,,1
7580,2020-02-14T22:32:26.000Z,1031,60,,2
7589,2020-04-13T11:09:19.000Z,1031,70,,1
7593,2020-03-10T07:15:26.000Z,1032,49,8.41,1
7594,2020-03-25T04:05:25.000Z,1032,116,,1
7611,2020-04-09T06:31:31.000Z,1035,176,,3
7633,2020-03-15T07:16:13.000Z,1037,91,,1
7641,2020-02-12T08:56:31.000Z,1039,100,,2
7652,2020-02-06T14:31:38.000Z,1039,56,,2
7667,2020-01-17T12:20:13.000Z,1042,188,,2
7679,2020-01-09T00:04:29.000Z,1042,111,,1
7692,2020-04-01T00:56:18.000Z,1048,136,,3
7712,2020-03-15T20:46:33.000Z,1050,53,,1
7730,2020-03-11T21:01:20.000Z,1051,36,,1
7737,2020-03-25T08:26:11.000Z,1054,160,,1
7760,2020-02-01T20:06:14.000Z,1055,93,,2
7771,2020-02-13T07:38:08.000Z,1055,100,,1
7772,2020-02-18T02:23:30.000Z,1055,77,,2
7774,2020-01-31T19:25:20.000Z,1055,130,,2
7776,2020-03-21T09:26:25.000Z,1055,47,,1
7780,2020-01-14T03:35:27.000Z,1055,66,,1
7808,2020-02-14T08:45:51.000Z,1058,142,,1
7810,2020-04-14T12:55:43.000Z,1058,121,1.08,2
7811,2020-02-29T09:31:17.000Z,1058,154,,1
7851,2020-01-27T07:45:47.000Z,1062,146,,2
7876,2020-02-26T14:30:30.000Z,1065,78,7.79,2
7884,2020-01-15T07:59:02.000Z,1065,59,,2
7887,2020-03-30T06:49:58.000Z,1065,195,,1
7899,2020-01-05T07:26:57.000Z,1066,132,,1
7906,2020-01-24T05:13:01.000Z,1066,152,,1
7917,2020-03-03T00:18:48.000Z,1066,20,,1
7931,2020-02-22T02:50:37.000Z,1066,128,,2
7933,2020-01-13T23:19:31.000Z,1067,36,,2
7947,2020-01-13T10:54:56.000Z,1067,197,,1
7948,2020-02-23T04:59:18.000Z,1067,109,,2
7960,2020-02-12T15:17:43.000Z,1068,197,,2
7969,2020-02-15T03:18:35.000Z,1070,114,,2
7976,2020-03-24T23:15:49.000Z,1071,6,,1
7977,2020-02-15T09:57:42.000Z,1072,141,,2
7979,2020-03-09T13:14:34.000Z,1072,141,,1
7985,2020-02-23T19:51:13.000Z,1073,171,,1
7997,2020-04-16T12:00:21.000Z,1073,162,3.62,4
8004,2020-04-06T02:57:07.000Z,1073,47,,3
8051,2020-01-04T05:54:45.000Z,1078,10,,1
8068,2020-01-22T00:09:12.000Z,1083,155,,2
8075,2020-01-27T02:01:10.000Z,1084,16,6.69,2
8087,2020-02-07T05:52:51.000Z,1084,42,,1
8095,2020-01-29T22:01:02.000Z,1086,173,,2
8098,2020-03-08T22:17:58.000Z,1086,34,,1
8100,2020-02-11T21:20:12.000Z,1087,196,,1
8102,2020-03-12T18:53:40.000Z,1087,22,,0
8128,2020-03-07T20:28:22.000Z,1089,93,2.17,1
8153,2020-02-01T09:02:06.000Z,1093,45,,2
8205,2020-02-25T09:46:24.000Z,1101,179,,14
8217,2020-01-15T20:24:56.000Z,1104,122,,1
8223,2020-03-15T07:52:32.000Z,1105,150,,1
8238,2020-01-15T20:30:11.000Z,1109,118,,3
8239,2020-03-31T10:39:44.000Z,1109,59,,1
8252,2020-02-11T07:57:08.000Z,1109,7,,2
8253,2020-01-20T00:56:22.000Z,1109,12,,2
8266,2020-04-04T15:58:34.000Z,1109,98,,2
8289,2020-03-28T18:47:12.000Z,1114,179,,1
8293,2020-01-02T21:21:43.000Z,1115,58,,2
8329,2020-01-04T12:24:50.000Z,1117,85,,2
8335,2020-02-17T06:20:54.000Z,1118,113,,2
8336,2020-04-05T11:23:35.000Z,1118,65,,3
8337,2020-04-14T12:35:50.000Z,1118,195,,2
8341,2020-03-21T18:04:02.000Z,1119,100,,1
8346,2020-01-26T01:56:29.000Z,1119,133,6.51,2
8359,2020-04-14T09:53:15.000Z,1121,61,,3
8361,2020-02-14T14:48:47.000Z,1121,85,6.58,1
8371,2020-01-05T16:44:12.000Z,1122,11,,2
8384,2020-04-05T01:47:16.000Z,1122,193,,3
8391,2020-04-12T15:07:19.000Z,1122,168,,3
8394,2020-02-06T11:27:37.000Z,1122,21,,2
8398,2020-01-15T06:29:53.000Z,1123,22,,2
8399,2020-02-25T22:27:18.000Z,1123,69,5.15,2
8400,2020-02-17T10:59:42.000Z,1123,11,,2
8422,2020-03-14T19:53:54.000Z,1126,39,,1
8423,2020-01-04T13:31:53.000Z,1126,19,,2
8439,2020-01-18T16:43:43.000Z,1126,38,,2
8450,2020-02-20T23:21:26.000Z,1128,109,,2
8474,2020-03-14T02:11:24.000Z,1130,173,,1
8478,2020-04-04T09:52:42.000Z,1130,139,,3
8482,2020-01-05T00:05:32.000Z,1130,77,,2
8491,2020-03-25T09:17:52.000Z,1131,57,,1
8511,2020-02-28T02:52:25.000Z,1133,44,,2
8524,2020-01-16T10:49:06.000Z,1135,82,,1
8530,2020-01-17T01:04:04.000Z,1135,191,,2
8547,2020-01-27T01:27:59.000Z,1141,150,,1
8548,2020-04-03T11:14:57.000Z,1141,104,,2
8574,2020-02-12T16:10:48.000Z,1144,58,,2
8576,2020-01-26T16:02:33.000Z,1144,57,,2
8608,2020-01-13T12:01:01.000Z,1152,187,,2
8609,2020-02-24T07:37:51.000Z,1152,177,,1
8623,2020-04-05T03:57:43.000Z,1155,2,,4
8632,2020-01-25T18:01:53.000Z,1158,83,,1
8659,2020-02-04T18:04:19.000Z,1160,89,,2
8672,2020-02-17T13:30:39.000Z,1160,32,,2
8707,2020-02-03T03:21:01.000Z,1163,165,,2
8738,2020-04-15T15:32:33.000Z,1165,121,,3
8767,2020-04-15T12:30:50.000Z,1170,16,,1
8780,2020-04-11T09:09:11.000Z,1175,40,,3
8797,2020-01-29T21:34:46.000Z,1177,21,,2
8802,2020-01-01T05:48:29.000Z,1177,166,,1
8807,2020-04-17T22:55:32.000Z,1177,52,,3
8813,2020-02-11T19:36:29.000Z,1179,100,,2
8821,2020-01-30T18:57:53.000Z,1180,9,,2
8868,2020-02-06T02:22:16.000Z,1191,132,,2
8871,2020-02-08T16:13:37.000Z,1191,99,,2
8872,2020-01-08T11:17:44.000Z,1191,45,,3
8889,2020-04-10T06:41:50.000Z,1193,59,,2
8895,2020-01-04T12:44:42.000Z,1193,4,,2
8897,2020-01-06T02:43:28.000Z,1194,71,,2
8905,2020-02-03T19:46:06.000Z,1197,185,,2
8914,2020-03-15T21:14:14.000Z,1199,108,,1
8923,2020-02-13T12:43:10.000Z,1199,9,,2
8925,2020-02-22T00:49:17.000Z,1200,181,5.17,2
8953,2020-01-05T22:27:10.000Z,1202,60,,1
8954,2020-04-02T07:37:13.000Z,1202,121,,1
8956,2020-03-13T13:47:55.000Z,1202,39,,1
8981,2020-01-15T02:39:07.000Z,1203,135,7.14,2
8985,2020-02-16T07:08:15.000Z,1203,26,,1
8993,2020-03-03T02:58:10.000Z,1204,147,,1
8996,2020-04-04T20:06:03.000Z,1205,118,,2
9009,2020-01-14T05:17:07.000Z,1209,33,,2
9014,2020-02-05T16:38:25.000Z,1209,60,,1
9026,2020-01-20T02:46:10.000Z,1210,194,,2
9036,2020-02-27T06:07:51.000Z,1212,145,,2
9066,2020-01-01T21:08:19.000Z,1213,170,,3
9086,2020-03-27T07:44:53.000Z,1215,183,2.33,1
9090,2020-03-12T04:17:15.000Z,1216,183,,1
9096,2020-03-05T20:47:12.000Z,1217,146,,1
9106,2020-03-23T02:36:48.000Z,1219,41,,1
9122,2020-02-13T00:42:17.000Z,1222,93,,2
9125,2020-01-03T09:06:44.000Z,1222,6,3.12,2
9132,2020-02-19T20:24:14.000Z,1222,7,,1
9135,2020-02-20T17:04:52.000Z,1222,45,7.03,1
9140,2020-04-01T17:24:40.000Z,1225,102,,2
9144,2020-01-29T01:48:39.000Z,1225,85,,1
9153,2020-03-13T08:50:37.000Z,1225,142,,1
9166,2020-01-18T12:25:58.000Z,1226,89,,2
9168,2020-04-10T06:03:02.000Z,1226,124,,4
9169,2020-03-22T21:43:34.000Z,1226,104,,1
9184,2020-04-02T18:10:17.000Z,1227,4,,4
9185,2020-02-08T10:26:30.000Z,1227,31,,2
9186,2020-04-14T04:21:05.000Z,1227,137,,4
9194,2020-03-24T08:00:51.000Z,1228,165,,1
9195,2020-03-20T20:46:57.000Z,1228,125,,1
9212,2020-01-09T11:30:36.000Z,1229,192,,2
9215,2020-03-19T13:46:21.000Z,1229,159,,1
9225,2020-03-04T07:20:29.000Z,1230,55,,1
9241,2020-01-14T12:50:40.000Z,1232,151,,2
9242,2020-04-02T01:56:30.000Z,1232,111,,3
9250,2020-01-08T12:34:48.000Z,1232,184,2.94,2
9255,2020-04-08T23:09:58.000Z,1232,94,,3
9277,2020-01-15T21:15:00.000Z,1234,135,,2
9285,2020-01-30T10:32:00.000Z,1236,120,,3
9294,2020-02-09T13:18:57.000Z,1237,200,,2
9298,2020-01-08T07:31:13.000Z,1237,7,,2
9300,2020-01-04T21:28:53.000Z,1237,65,,2
9315,2020-01-05T18:02:10.000Z,1240,69,,2
9326,2020-02-09T09:53:27.000Z,1240,69,6.6,1
9328,2020-04-09T20:50:27.000Z,1240,87,,3
9331,2020-01-27T08:19:52.000Z,1240,60,,2
9334,2020-01-16T20:20:51.000Z,1240,115,,2
9338,2020-02-09T15:20:06.000Z,1240,101,,2
9339,2020-04-17T19:03:12.000Z,1240,195,,3
9373,2020-02-05T16:00:52.000Z,1243,126,,2
9381,2020-02-22T02:33:24.000Z,1245,37,,2
9387,2020-04-04T02:57:34.000Z,1246,193,,2
9390,2020-01-13T12:11:04.000Z,1246,160,,2
9395,2020-03-31T21:13:26.000Z,1246,196,,1
9405,2020-01-28T14:49:08.000Z,1248,48,,2
9415,2020-04-18T02:47:30.000Z,1249,88,3.83,3
9417,2020-01-29T19:26:15.000Z,1249,190,,3
9429,2020-02-27T06:27:50.000Z,1252,152,,2
9436,2020-04-08T23:09:37.000Z,1253,199,,3
9447,2020-03-30T20:23:45.000Z,1254,18,,1
9457,2020-01-03T04:58:55.000Z,1259,16,,1
9480,2020-03-08T09:04:38.000Z,1264,113,,1
9484,2020-03-21T07:27:26.000Z,1264,166,,1
9488,2020-02-06T19:42:20.000Z,1264,152,,2
9491,2020-02-10T03:08:25.000Z,1264,130,,2
9495,2020-01-03T18:00:47.000Z,1264,40,,2
9510,2020-03-30T20:21:02.000Z,1266,2,,1
9524,2020-02-29T23:39:02.000Z,1267,166,,1
9526,2020-04-08T16:32:17.000Z,1268,121,,3
9539,2020-04-08T17:08:12.000Z,1269,129,,2
9552,2020-03-10T21:59:24.000Z,1270,177,,1
9557,2020-03-08T09:34:26.000Z,1270,37,8.22,1
9564,2020-02-21T16:52:52.000Z,1270,185,3.72,2
9580,2020-04-13T11:01:04.000Z,1272,165,,3
9585,2020-03-21T13:02:03.000Z,1272,134,7.91,1
9612,2020-04-18T02:47:07.000Z,1274,118,,2
9623,2020-01-26T05:09:29.000Z,1275,6,,1
9636,2020-01-02T12:43:47.000Z,1280,14,,2
9656,2020-02-11T05:10:34.000Z,1281,123,2.78,1
9678,2020-03-16T01:22:05.000Z,1283,76,,1
9691,2020-04-14T08:29:46.000Z,1287,127,,3
9697,2020-02-08T04:54:31.000Z,1289,7,,2
9698,2020-03-02T16:04:34.000Z,1289,27,,1
9702,2020-01-17T20:44:13.000Z,1289,153,,2
9713,2020-02-26T03:30:07.000Z,1289,26,,2
9717,2020-03-27T03:07:27.000Z,1290,143,7.83,1
9719,2020-03-22T01:36:04.000Z,1290,61,,1
9731,2020-03-16T16:57:41.000Z,1290,99,,1
9746,2020-03-08T04:55:38.000Z,1294,8,,1
9757,2020-01-02T14:06:20.000Z,1294,98,,2
9761,2020-03-30T17:49:48.000Z,1294,148,,1
9762,2020-01-20T02:50:35.000Z,1294,7,,2
9764,2020-01-29T09:31:58.000Z,1295,115,,2
9784,2020-02-02T19:36:17.000Z,1297,129,,2
9793,2020-03-01T03:08:00.000Z,1298,111,,1
9797,2020-01-15T06:05:22.000Z,1298,31,,1
9798,2020-02-29T02:57:30.000Z,1298,107,7.66,2
9806,2020-01-29T00:40:58.000Z,1299,136,,2
9818,2020-01-26T13:45:10.000Z,1300,93,,2
9829,2020-04-19T02:30:54.000Z,1300,90,,2
9830,2020-01-05T14:51:53.000Z,1300,98,,1
9837,2020-03-05T16:48:28.000Z,1301,145,,1
9839,2020-03-05T13:50:26.000Z,1301,23,,1
9843,2020-01-13T05:31:08.000Z,1302,66,,2
9852,2020-03-04T16:06:40.000Z,1302,130,,1
9859,2020-03-14T03:54:55.000Z,1302,127,9.18,1
9868,2020-04-02T05:27:36.000Z,1304,75,,3
9870,2020-02-23T08:03:49.000Z,1304,177,,2
9884,2020-02-01T13:16:43.000Z,1305,99,,1
9887,2020-01-07T23:54:31.000Z,1306,160,,2
9895,2020-02-08T07:04:24.000Z,1307,40,,2
9913,2020-02-27T07:02:04.000Z,1308,162,,2
9914,2020-02-20T17:29:55.000Z,1308,182,,2
9918,2020-02-09T23:26:52.000Z,1309,82,,1
9945,2020-02-01T03:54:07.000Z,1317,116,,2
9948,2020-02-11T22:30:11.000Z,1317,177,,2
9962,2020-03-13T19:16:25.000Z,1317,190,,1
9964,2020-01-18T16:48:55.000Z,1317,9,,2
9968,2020-04-18T15:07:45.000Z,1317,90,,3
9969,2020-03-25T20:22:20.000Z,1317,98,,1
9976,2020-01-20T14:42:30.000Z,1317,7,2.27,2
9977,2020-01-02T18:23:10.000Z,1317,101,2.27,2
9980,2020-03-06T18:51:41.000Z,1319,81,,1
9986,2020-03-17T20:29:28.000Z,1319,195,,1
9996,2020-03-28T10:09:23.000Z,1319,46,2.27,1
9998,2020-01-02T13:06:57.000Z,1322,153,,2
10006,2020-03-14T14:32:25.000Z,1322,165,,1
10010,2020-04-03T02:23:00.000Z,1322,129,,2
10015,2020-02-17T18:00:56.000Z,1323,193,,2
10049,2020-01-12T23:10:46.000Z,1328,170,,1
10058,2020-04-03T08:40:44.000Z,1328,108,,2
10072,2020-02-05T22:25:16.000Z,1329,35,,2
10075,2020-04-04T03:43:51.000Z,1329,20,,4
10092,2020-03-28T15:03:09.000Z,1331,29,,1
10107,2020-03-28T04:54:39.000Z,1335,24,,1
10122,2020-03-27T07:30:14.000Z,1335,164,,1
10140,2020-03-02T09:51:27.000Z,1341,198,,1
10144,2020-02-07T08:23:05.000Z,1341,151,,1
10146,2020-02-27T05:53:20.000Z,1342,157,,2
10149,2020-02-08T10:31:55.000Z,1342,111,,2
10169,2020-01-14T19:18:40.000Z,1344,28,,2
10227,2020-03-18T22:46:23.000Z,1350,179,,1
10244,2020-01-17T14:42:21.000Z,1351,1,4.8,3
10248,2020-01-01T13:22:36.000Z,1351,150,,2
10255,2020-01-14T13:42:24.000Z,1352,141,,2
10258,2020-03-23T07:32:25.000Z,1352,187,,1
10269,2020-01-20T18:06:01.000Z,1352,10,,1
10270,2020-02-28T01:12:13.000Z,1352,98,,1
10283,2020-01-11T04:41:04.000Z,1352,76,,2
10285,2020-04-15T22:22:45.000Z,1352,123,,2
10288,2020-01-08T11:20:04.000Z,1352,99,,2
10307,2020-03-30T08:06:13.000Z,1354,48,,1
10309,2020-02-25T11:19:40.000Z,1354,91,,1
10310,2020-01-13T23:27:43.000Z,1355,165,,2
10327,2020-02-12T12:15:37.000Z,1357,115,1.62,1
10342,2020-03-08T05:48:55.000Z,1358,60,6.12,1
10349,2020-04-04T21:28:35.000Z,1358,86,,1
10350,2020-01-19T23:05:15.000Z,1358,75,,1
10373,2020-03-14T19:43:25.000Z,1366,74,,0
10385,2020-04-09T05:41:55.000Z,1368,47,,4
10388,2020-02-24T15:24:00.000Z,1368,114,,2
10400,2020-04-08T09:27:08.000Z,1370,192,,3
10415,2020-03-27T08:53:16.000Z,1375,160,,1
10420,2020-04-04T09:48:57.000Z,1375,4,,3
10426,2020-01-11T17:39:22.000Z,1375,52,,2
10432,2020-04-15T00:05:14.000Z,1377,38,,3
10433,2020-03-09T17:00:09.000Z,1377,130,,1
10444,2020-02-29T20:11:23.000Z,1377,105,,2
10455,2020-01-01T18:57:14.000Z,1378,159,,1
10470,2020-02-09T05:02:18.000Z,1380,139,,2
10473,2020-01-23T01:41:20.000Z,1380,143,,2
10481,2020-01-23T03:05:02.000Z,1381,23,8.75,2
10484,2020-01-15T16:32:12.000Z,1382,90,,2
10488,2020-03-01T00:00:03.000Z,1382,14,,1
10492,2020-04-08T18:43:28.000Z,1382,112,,3
10501,2020-03-31T08:07:25.000Z,1383,65,3.35,1
10505,2020-01-03T08:08:42.000Z,1383,129,,2
10526,2020-01-27T01:16:02.000Z,1387,55,,2
10530,2020-01-11T11:09:45.000Z,1388,35,,2
10540,2020-01-16T01:16:47.000Z,1389,149,,2
10545,2020-02-06T20:22:52.000Z,1389,38,,2
10548,2020-03-31T19:24:23.000Z,1389,128,7.43,1
10550,2020-04-14T04:04:20.000Z,1389,99,,3
10576,2020-01-21T13:43:39.000Z,1390,175,,3
10581,2020-04-08T04:53:50.000Z,1390,29,,3
10582,2020-03-25T05:47:37.000Z,1390,119,,1
10594,2020-02-16T03:47:50.000Z,1391,165,,2
10601,2020-04-12T13:22:12.000Z,1392,146,,2
10606,2020-04-06T14:25:36.000Z,1394,71,,3
10617,2020-01-03T18:21:13.000Z,1394,35,4.11,3
10619,2020-03-07T14:56:24.000Z,1395,56,,1
10622,2020-03-01T16:04:39.000Z,1395,11,,1
10630,2020-02-21T12:24:51.000Z,1395,4,,2
10631,2020-04-05T07:06:13.000Z,1395,131,,4
10634,2020-04-14T14:44:47.000Z,1395,4,,3
10648,2020-01-13T23:49:28.000Z,1398,43,,3
10651,2020-04-10T09:57:13.000Z,1398,69,,3
10652,2020-04-06T16:36:00.000Z,1401,135,,3
10655,2020-04-08T00:52:17.000Z,1401,132,2.98,2
10666,2020-03-13T06:29:06.000Z,1402,87,,1
10668,2020-04-02T04:46:42.000Z,1402,16,,3
10694,2020-01-02T20:31:05.000Z,1410,157,,2
10695,2020-02-29T06:40:24.000Z,1410,123,,2
10696,2020-02-08T09:38:21.000Z,1410,157,,1
10702,2020-03-24T13:07:59.000Z,1410,98,,1
10705,2020-02-20T11:10:37.000Z,1410,132,,2
10706,2020-01-05T08:38:30.000Z,1410,80,,2
10715,2020-03-29T03:16:42.000Z,1414,136,,1
10717,2020-01-26T18:47:24.000Z,1414,129,,20
10719,2020-04-05T05:12:59.000Z,1414,138,,3
10724,2020-03-21T11:35:08.000Z,1414,17,,1
10731,2020-01-28T21:23:56.000Z,1415,131,,1
10735,2020-02-25T12:27:38.000Z,1416,56,,1
10753,2020-04-19T11:06:17.000Z,1417,141,,4
10760,2020-01-05T22:15:12.000Z,1419,139,,2
10766,2020-03-06T00:01:25.000Z,1419,184,,1
10771,2020-03-12T11:27:34.000Z,1420,106,,1
10774,2020-04-18T18:34:58.000Z,1421,154,,3
10782,2020-02-06T01:57:12.000Z,1422,37,,1
10783,2020-01-12T21:13:43.000Z,1422,7,,2
10787,2020-02-10T08:49:51.000Z,1422,108,4.67,2
10816,2020-03-19T02:42:51.000Z,1426,199,4.38,1
10825,2020-03-21T07:19:11.000Z,1428,2,,1
10826,2020-02-11T01:38:58.000Z,1428,183,,2
10828,2020-01-01T20:39:58.000Z,1428,130,,2
10836,2020-01-23T08:33:49.000Z,1429,107,,3
10841,2020-03-22T08:48:15.000Z,1429,163,8.47,10
10848,2020-02-03T11:41:15.000Z,1429,35,,2
10850,2020-02-18T16:09:19.000Z,1429,7,3.97,2
10862,2020-04-01T14:23:44.000Z,1431,42,,2
10881,2020-03-25T19:10:54.000Z,1433,93,,1
10912,2020-02-09T00:31:17.000Z,1437,9,,2
10923,2020-01-03T15:06:07.000Z,1437,159,,2
10935,2020-01-22T01:15:48.000Z,1444,39,6.71,2
10944,2020-01-05T15:24:55.000Z,1445,59,,2
10946,2020-03-19T22:46:11.000Z,1445,189,,1
10947,2020-02-27T09:50:29.000Z,1445,196,,1
10960,2020-02-24T23:18:34.000Z,1447,99,,2
10969,2020-03-30T11:43:46.000Z,1448,59,,1
10994,2020-01-20T21:47:16.000Z,1452,65,,2
10995,2020-03-12T07:22:38.000Z,1452,65,,1
11012,2020-04-18T04:24:10.000Z,1453,55,,4
11041,2020-03-06T21:21:36.000Z,1456,187,,1
11051,2020-02-23T10:20:40.000Z,1457,76,,1
11072,2020-02-29T11:30:59.000Z,1463,15,,2
11087,2020-02-23T02:58:52.000Z,1464,7,,1
11089,2020-02-21T22:50:13.000Z,1464,149,6.07,2
11090,2020-01-02T05:07:18.000Z,1464,57,,2
11092,2020-03-24T18:44:12.000Z,1464,111,,1
11100,2020-02-08T09:01:03.000Z,1466,49,,2
11104,2020-04-11T05:31:17.000Z,1466,3,,3
11135,2020-04-19T02:35:30.000Z,1473,12,,4
11140,2020-04-16T21:58:31.000Z,1473,43,,3
11148,2020-02-09T14:18:26.000Z,1474,102,,1
11157,2020-02-08T03:47:19.000Z,1474,174,,2
11169,2020-01-28T12:21:32.000Z,1476,165,,2
11194,2020-01-10T01:09:45.000Z,1481,115,,2
11199,2020-01-31T01:43:05.000Z,1481,78,,2
11207,2020-03-25T02:58:36.000Z,1482,150,,1
11227,2020-01-23T23:52:07.000Z,1484,78,,1
11241,2020-02-22T18:30:51.000Z,1485,56,,1
11260,2020-01-20T06:57:00.000Z,1486,155,,2
11268,2020-03-19T03:48:12.000Z,1487,151,,1
11280,2020-01-18T04:01:29.000Z,1490,192,,2
11297,2020-03-14T06:00:22.000Z,1492,196,,1
11311,2020-03-14T01:02:34.000Z,1497,127,,1
11319,2020-01-12T08:32:32.000Z,1498,153,,1
11322,2020-01-13T22:47:14.000Z,1498,1,6.12,2
11326,2020-01-03T08:55:47.000Z,1499,72,,1
11328,2020-02-08T16:23:33.000Z,1499,38,,1
11358,2020-02-26T04:47:55.000Z,1502,111,,2
11360,2020-04-04T16:03:25.000Z,1502,77,7.04,3
11361,2020-01-02T16:41:44.000Z,1502,163,,2
11371,2020-02-27T12:08:41.000Z,1503,80,7.04,1
11391,2020-03-16T18:15:55.000Z,1509,31,,1
11398,2020-01-24T17:43:58.000Z,1509,122,,2
11408,2020-01-14T01:28:43.000Z,1510,45,,2
11410,2020-03-11T05:54:38.000Z,1511,192,,1
11425,2020-01-16T21:07:15.000Z,1511,168,,1
11431,2020-02-18T01:12:54.000Z,1511,103,,1
11453,2020-01-09T15:56:44.000Z,1516,4,,3
11457,2020-02-21T09:48:05.000Z,1516,67,,2
11488,2020-02-11T08:31:38.000Z,1518,100,,1
11496,2020-02-27T19:27:56.000Z,1522,90,,1
11521,2020-01-07T02:31:58.000Z,1526,172,,2
11523,2020-03-29T22:14:29.000Z,1526,196,2.87,1
11536,2020-02-24T05:20:58.000Z,1527,185,,2
11547,2020-03-02T14:33:36.000Z,1528,189,,1
11559,2020-01-31T11:55:00.000Z,1528,85,,2
11561,2020-03-07T19:16:44.000Z,1529,169,,1
11582,2020-01-27T14:22:27.000Z,1531,183,,2
11585,2020-03-07T17:38:37.000Z,1531,53,,1
11595,2020-03-07T12:17:49.000Z,1533,137,,1
11603,2020-03-05T02:16:25.000Z,1533,194,,1
11614,2020-01-28T19:29:19.000Z,1535,108,,2
11616,2020-02-03T11:34:50.000Z,1535,107,,2
11634,2020-03-07T03:27:47.000Z,1537,118,,1
11635,2020-01-10T15:01:52.000Z,1537,174,,2
11655,2020-03-15T10:53:43.000Z,1537,66,,1
11656,2020-02-02T08:48:13.000Z,1537,117,,2
11660,2020-03-14T09:20:39.000Z,1538,143,8.68,1
11664,2020-01-08T15:48:41.000Z,1538,172,,2
11677,2020-03-20T03:46:34.000Z,1541,80,,1
11678,2020-02-06T14:58:12.000Z,1541,94,,2
11697,2020-03-26T21:08:49.000Z,1545,31,,1
11698,2020-01-27T10:25:27.000Z,1545,23,,1
11703,2020-01-03T08:18:25.000Z,1545,11,,2
11705,2020-01-20T18:47:06.000Z,1547,124,,2
11715,2020-02-23T06:43:59.000Z,1548,77,7.03,2
11724,2020-01-21T16:50:00.000Z,1555,2,,2
11729,2020-02-11T04:30:31.000Z,1555,133,,2
11773,2020-01-11T21:02:10.000Z,1559,128,,2
11780,2020-03-19T18:33:42.000Z,1559,174,6.62,1
11805,2020-04-19T13:22:16.000Z,1561,176,,2
11829,2020-04-08T01:08:40.000Z,1563,61,,2
11836,2020-03-03T03:23:18.000Z,1569,1,,1
11842,2020-04-09T10:35:52.000Z,1570,136,3.09,4
11850,2020-02-28T17:28:21.000Z,1571,149,,2
11872,2020-03-14T20:23:23.000Z,1571,111,,1
11874,2020-01-29T11:14:54.000Z,1572,177,,1
11887,2020-04-15T19:03:24.000Z,1573,149,,3
11903,2020-02-22T04:43:41.000Z,1574,100,,2
11925,2020-01-07T15:02:49.000Z,1581,113,,2
11931,2020-04-17T07:41:06.000Z,1581,181,,4
11939,2020-03-13T21:04:31.000Z,1583,24,,1
11947,2020-03-09T05:23:04.000Z,1585,20,2.46,1
11948,2020-03-18T15:32:28.000Z,1585,199,,1
11950,2020-01-12T14:48:43.000Z,1585,94,,2
11972,2020-03-20T08:15:18.000Z,1585,76,8.75,1
11977,2020-02-14T14:11:25.000Z,1585,44,,2
11986,2020-03-04T22:30:43.000Z,1586,41,,1
11995,2020-04-08T07:29:24.000Z,1587,150,,4
11999,2020-02-20T18:19:01.000Z,1587,2,3.47,2
12003,2020-01-31T11:24:02.000Z,1587,187,,2
12021,2020-01-01T11:05:55.000Z,1589,184,,2
12023,2020-03-22T15:16:05.000Z,1589,92,,1
12025,2020-02-14T11:19:16.000Z,1589,111,,2
12028,2020-02-28T03:37:47.000Z,1589,87,,1
12035,2020-04-16T15:26:28.000Z,1590,176,,3
12074,2020-01-16T11:36:04.000Z,1593,3,,2
12082,2020-03-23T01:38:41.000Z,1593,170,,1
12085,2020-03-04T22:54:51.000Z,1593,42,,1
12091,2020-01-24T23:34:10.000Z,1593,191,,2
12099,2020-02-21T07:40:50.000Z,1593,89,9.12,2
12118,2020-02-05T12:32:29.000Z,1596,98,,2
12126,2020-02-24T21:00:58.000Z,1597,54,,2
12131,2020-03-23T06:25:13.000Z,1597,143,,1
12133,2020-02-18T07:58:46.000Z,1597,172,,2
12135,2020-03-17T05:28:49.000Z,1597,117,,1
12157,2020-03-27T06:24:00.000Z,1600,174,,1
12169,2020-03-24T04:04:45.000Z,1601,126,,1
12171,2020-02-11T15:50:42.000Z,1601,165,,2
12172,2020-02-25T08:36:04.000Z,1601,121,,2
12189,2020-02-20T23:35:00.000Z,1602,94,,1
12201,2020-01-23T13:29:25.000Z,1602,78,,1
12202,2020-03-30T19:18:14.000Z,1602,79,,4
12216,2020-04-13T12:24:54.000Z,1608,177,,3
12217,2020-03-24T16:48:01.000Z,1608,49,,1
12234,2020-02-14T13:18:47.000Z,1610,143,,2
12242,2020-02-17T22:53:58.000Z,1611,87,,2
12246,2020-03-14T13:32:03.000Z,1611,65,,1
12248,2020-01-08T05:17:56.000Z,1612,80,,2
12258,2020-04-14T04:58:36.000Z,1613,168,,4
12265,2020-02-02T03:03:23.000Z,1613,148,,2
12271,2020-01-14T20:18:20.000Z,1614,19,5.36,3
12277,2020-04-10T03:24:52.000Z,1616,91,,3
12284,2020-01-29T21:53:02.000Z,1616,180,5.85,1
12286,2020-02-17T07:15:29.000Z,1617,124,,1
12288,2020-02-23T07:05:08.000Z,1617,135,,1
12292,2020-03-20T06:31:35.000Z,1617,47,,0
12295,2020-04-17T21:51:45.000Z,1619,178,,2
12306,2020-03-11T14:18:28.000Z,1622,198,,1
12309,2020-01-12T19:24:46.000Z,1622,44,0.32,1
12317,2020-02-04T14:24:47.000Z,1623,53,,1
12324,2020-02-14T03:03:03.000Z,1623,167,,1
12327,2020-02-19T04:55:07.000Z,1624,66,,1
12333,2020-01-08T11:54:51.000Z,1624,149,,1
12341,2020-03-18T05:13:00.000Z,1625,191,,1
12347,2020-02-01T15:30:16.000Z,1628,42,,2
12354,2020-04-16T01:45:38.000Z,1628,65,,2
12372,2020-04-08T15:39:17.000Z,1632,2,3.57,3
12390,2020-01-22T15:41:31.000Z,1636,123,,2
12395,2020-01-24T17:55:23.000Z,1636,58,,1
12402,2020-03-13T00:39:47.000Z,1637,80,2.17,1
12416,2020-04-18T04:49:25.000Z,1637,89,,3
12426,2020-03-08T16:46:46.000Z,1640,71,,1
12427,2020-03-16T11:06:55.000Z,1640,146,,1
12428,2020-04-04T16:51:55.000Z,1640,158,,2
12429,2020-02-19T23:07:35.000Z,1640,84,,2
12436,2020-04-06T02:54:13.000Z,1640,131,,2
12447,2020-04-03T03:02:40.000Z,1641,25,,3
12449,2020-01-22T11:15:04.000Z,1642,199,,2
12453,2020-04-09T06:14:15.000Z,1642,192,,3
12456,2020-03-26T12:54:33.000Z,1642,177,,1
12462,2020-02-19T14:13:27.000Z,1642,99,,15
12467,2020-01-26T15:46:58.000Z,1644,29,,2
12476,2020-02-19T14:52:28.000Z,1649,176,,1
12479,2020-03-26T06:43:26.000Z,1650,107,,1
12485,2020-01-16T02:57:52.000Z,1651,167,,1
12487,2020-01-13T15:29:51.000Z,1651,67,,1
12532,2020-03-30T20:49:23.000Z,1654,93,,1
12541,2020-02-02T06:19:50.000Z,1656,99,,2
12561,2020-01-24T06:52:20.000Z,1657,182,4.3,2
12564,2020-03-07T23:53:22.000Z,1657,52,,1
12567,2020-01-23T00:14:42.000Z,1657,152,,3
12568,2020-02-25T18:35:18.000Z,1657,113,,2
12581,2020-03-28T20:02:40.000Z,1660,150,,1
12590,2020-01-23T05:51:47.000Z,1660,64,,2
12595,2020-01-31T19:30:35.000Z,1660,159,,1
12634,2020-03-16T00:34:26.000Z,1672,4,,1
12638,2020-02-14T03:15:51.000Z,1673,72,,1
12642,2020-01-26T11:41:13.000Z,1673,115,,2
12657,2020-04-03T18:27:09.000Z,1674,163,,2
12672,2020-04-12T05:14:11.000Z,1674,133,,2
12674,2020-04-05T23:52:36.000Z,1674,154,,3
12676,2020-01-10T01:00:05.000Z,1674,45,,2
12678,2020-01-07T08:41:23.000Z,1674,175,,2
12695,2020-03-14T16:54:40.000Z,1676,96,,1
12700,2020-04-17T21:57:13.000Z,1678,175,,3
12728,2020-03-24T22:07:02.000Z,1682,13,,1
12739,2020-02-17T17:08:03.000Z,1683,200,,1
12743,2020-02-17T18:52:19.000Z,1684,195,,1
12754,2020-01-25T15:30:44.000Z,1686,191,,2
12757,2020-01-03T03:02:20.000Z,1686,174,,2
12771,2020-01-07T02:47:26.000Z,1688,22,,1
12777,2020-03-15T07:39:21.000Z,1689,141,,1
12788,2020-04-11T15:46:33.000Z,1692,3,8.75,3
12797,2020-04-15T00:12:11.000Z,1694,94,,4
12814,2020-03-12T17:10:30.000Z,1696,97,,1
12818,2020-02-06T08:28:59.000Z,1696,78,,1
12826,2020-04-16T15:08:36.000Z,1696,197,,3
12835,2020-04-08T21:26:37.000Z,1697,103,,3
12839,2020-01-13T20:11:46.000Z,1697,189,,1
12859,2020-01-11T15:10:55.000Z,1700,166,,3
12869,2020-02-13T23:28:08.000Z,1703,21,,2
12871,2020-04-17T16:23:51.000Z,1703,192,,2
12874,2020-04-05T21:37:34.000Z,1703,139,,3
12909,2020-03-08T12:55:24.000Z,1705,141,,1
12910,2020-03-11T19:14:46.000Z,1705,132,,1
12917,2020-04-07T22:58:01.000Z,1706,137,,3
12919,2020-03-09T07:56:22.000Z,1706,157,,1
12923,2020-01-06T03:00:17.000Z,1706,179,8.69,2
12932,2020-02-01T11:10:10.000Z,1706,29,,2
12948,2020-04-09T10:15:26.000Z,1708,84,,2
12952,2020-03-02T20:47:48.000Z,1708,54,4.19,1
12960,2020-03-17T14:46:40.000Z,1709,60,,1
12966,2020-03-13T20:46:20.000Z,1710,144,9.1,1
12988,2020-03-17T13:00:05.000Z,1713,170,,1
12990,2020-02-22T21:34:22.000Z,1713,165,,1
12992,2020-01-08T22:13:47.000Z,1713,146,,2
12995,2020-03-18T04:00:14.000Z,1713,179,,1
13001,2020-04-06T15:38:18.000Z,1714,113,,3
13003,2020-02-14T19:28:10.000Z,1714,105,,1
13014,2020-04-05T23:32:23.000Z,1714,198,,4
13015,2020-01-12T04:48:35.000Z,1714,59,,2
13024,2020-02-25T04:53:15.000Z,1718,120,,2
13027,2020-02-19T22:54:01.000Z,1718,162,,2
13029,2020-01-21T18:42:52.000Z,1718,41,1.66,2
13038,2020-04-17T18:44:07.000Z,1721,39,,3
13053,2020-01-04T00:42:05.000Z,1722,108,,1
13060,2020-02-28T22:14:18.000Z,1724,147,,1
13064,2020-02-05T10:29:50.000Z,1724,200,0.39,1
13069,2020-03-23T16:17:18.000Z,1724,129,,1
13071,2020-02-21T09:57:18.000Z,1724,70,,1
13073,2020-02-26T18:52:23.000Z,1724,189,,1
13075,2020-02-15T21:55:20.000Z,1724,160,,1
13078,2020-01-02T05:02:24.000Z,1724,33,,1
13083,2020-01-28T23:28:31.000Z,1726,141,,1
13086,2020-01-25T14:02:32.000Z,1726,178,0.39,1
13089,2020-01-30T09:42:39.000Z,1726,90,,2
13092,2020-01-23T12:43:19.000Z,1726,15,,1
13104,2020-04-14T02:06:05.000Z,1727,159,6.62,2
13123,2020-04-14T13:27:56.000Z,1732,70,,2
13138,2020-03-28T19:32:31.000Z,1734,102,,1
13178,2020-01-06T22:57:04.000Z,1740,67,,1
13187,2020-01-13T14:22:29.000Z,1741,121,2.86,1
13212,2020-04-11T13:02:48.000Z,1742,26,,2
13218,2020-03-11T17:51:24.000Z,1745,2,8.17,1
13223,2020-02-07T02:14:13.000Z,1745,99,,2
13227,2020-02-29T06:38:49.000Z,1745,85,,2
13236,2020-04-11T09:02:33.000Z,1746,152,,3
13249,2020-02-18T18:10:05.000Z,1747,93,,2
13259,2020-03-26T04:44:58.000Z,1747,198,,1
13263,2020-04-12T16:21:07.000Z,1748,64,,3
13284,2020-04-12T17:14:26.000Z,1751,8,,3
13287,2020-01-25T17:30:12.000Z,1752,53,,2
13293,2020-02-29T07:23:26.000Z,1752,88,2.52,1
13323,2020-02-12T23:34:51.000Z,1755,54,,1
13346,2020-02-20T15:30:32.000Z,1759,87,,2
13361,2020-01-10T08:45:46.000Z,1760,136,,3
13371,2020-02-19T12:35:41.000Z,1761,66,,2
13385,2020-02-27T06:46:49.000Z,1762,8,,2
13388,2020-04-11T02:40:45.000Z,1762,35,,3
13389,2020-02-22T15:30:18.000Z,1762,114,,2
13392,2020-04-03T22:42:19.000Z,1762,60,,4
13396,2020-01-15T22:50:14.000Z,1762,92,,2
13405,2020-02-23T17:12:35.000Z,1764,122,,2
13406,2020-02-27T13:13:57.000Z,1764,3,,22
13424,2020-02-28T23:23:39.000Z,1766,47,,1
13430,2020-02-07T19:18:26.000Z,1771,22,,2
13446,2020-03-16T08:56:54.000Z,1774,74,,1
13457,2020-03-14T07:03:18.000Z,1774,178,,1
13470,2020-04-13T23:44:41.000Z,1776,165,,3
13500,2020-02-17T22:42:54.000Z,1781,67,,2
13514,2020-02-03T23:59:06.000Z,1782,164,,2
13524,2020-03-20T20:35:29.000Z,1782,187,,1
13529,2020-04-13T22:29:02.000Z,1784,117,,4
13541,2020-02-20T11:18:54.000Z,1785,131,,2
13553,2020-04-07T01:47:40.000Z,1785,104,,3
13557,2020-02-26T17:36:33.000Z,1786,176,,2
13558,2020-03-14T04:16:52.000Z,1786,194,8.05,1
13579,2020-03-27T10:11:05.000Z,1791,147,8.05,1
13586,2020-02-21T12:31:08.000Z,1793,124,,1
13590,2020-03-12T20:34:50.000Z,1793,92,,1
13605,2020-02-17T14:03:06.000Z,1795,29,,2
13613,2020-01-07T05:53:55.000Z,1799,4,,2
13627,2020-01-02T19:59:19.000Z,1800,89,,2
13628,2020-04-17T12:46:18.000Z,1800,5,,4
13663,2020-02-10T20:51:25.000Z,1808,37,,2
13691,2020-03-08T12:33:01.000Z,1812,149,2.4,1
13701,2020-01-29T12:11:47.000Z,1813,190,,1
13712,2020-01-31T20:26:26.000Z,1815,2,,1
13727,2020-01-19T09:28:54.000Z,1816,86,,2
13731,2020-01-16T15:25:27.000Z,1816,34,,1
13737,2020-04-15T01:06:29.000Z,1816,13,,3
13749,2020-01-21T08:51:17.000Z,1822,195,,1
13767,2020-02-13T06:09:38.000Z,1823,44,,2
13774,2020-04-17T07:10:13.000Z,1825,160,,4
13783,2020-03-30T06:10:21.000Z,1825,118,,1
13806,2020-01-09T04:57:02.000Z,1828,33,,2
13807,2020-02-17T20:39:14.000Z,1828,141,,2
13810,2020-03-12T09:22:29.000Z,1828,104,,1
13818,2020-03-26T19:58:04.000Z,1828,59,,1
13823,2020-02-02T10:25:39.000Z,1828,30,,2
13825,2020-02-19T00:25:48.000Z,1828,91,,2
13837,2020-02-05T05:07:58.000Z,1829,54,,1
13841,2020-02-23T22:06:53.000Z,1830,154,,1
13846,2020-03-10T09:17:44.000Z,1830,115,,1
13865,2020-01-03T15:27:08.000Z,1838,52,,1
13871,2020-04-05T04:17:08.000Z,1838,185,,3
13879,2020-02-22T01:37:20.000Z,1838,30,,2
13903,2020-02-17T14:58:53.000Z,1840,153,,1
13905,2020-04-13T18:21:26.000Z,1840,73,2.72,3
13916,2020-01-13T20:48:49.000Z,1841,170,,2
13924,2020-02-08T23:11:59.000Z,1843,177,,10
13927,2020-01-27T02:07:04.000Z,1843,137,,2
13929,2020-03-28T07:08:15.000Z,1843,152,,1
13934,2020-02-18T04:46:59.000Z,1844,94,,2
13937,2020-04-18T10:55:52.000Z,1844,196,,3
13955,2020-01-20T17:13:24.000Z,1844,147,,1
13958,2020-01-28T02:28:36.000Z,1848,92,3.48,3
13969,2020-01-17T15:53:47.000Z,1849,91,,3
13978,2020-03-03T21:34:01.000Z,1850,29,,1
13991,2020-02-27T11:26:36.000Z,1852,77,,1
14006,2020-03-30T07:53:46.000Z,1855,73,,1
14026,2020-03-22T19:09:04.000Z,1858,189,,1
14037,2020-01-24T06:27:26.000Z,1858,31,,2
14046,2020-04-18T09:10:15.000Z,1858,14,6.47,2
14048,2020-03-08T11:39:22.000Z,1858,6,,1
14053,2020-04-14T20:31:09.000Z,1859,132,,2
14057,2020-02-11T01:32:46.000Z,1859,189,,2
14099,2020-01-27T03:53:33.000Z,1869,191,,2
14100,2020-03-18T01:04:19.000Z,1869,164,,1
14110,2020-02-06T03:34:59.000Z,1869,76,,1
14117,2020-01-20T01:03:39.000Z,1873,62,,2
14119,2020-03-14T00:33:50.000Z,1874,67,,1
14124,2020-04-19T14:01:12.000Z,1874,126,,2
14128,2020-01-24T20:27:13.000Z,1874,62,,2
14137,2020-03-13T17:47:25.000Z,1874,148,,1
14139,2020-03-17T04:51:44.000Z,1874,19,,1
14141,2020-04-18T10:10:48.000Z,1876,130,,4
14142,2020-02-13T04:07:13.000Z,1876,38,,2
14151,2020-03-25T22:43:13.000Z,1877,86,,1
14159,2020-03-13T12:06:43.000Z,1878,48,,1
14160,2020-03-05T18:34:01.000Z,1878,130,4.91,1
14162,2020-01-10T00:04:16.000Z,1881,6,,2
14179,2020-04-10T02:02:36.000Z,1881,67,,4
14181,2020-01-21T04:53:38.000Z,1881,98,,2
14185,2020-04-15T22:21:27.000Z,1881,29,,4
14192,2020-01-13T20:57:41.000Z,1882,52,,2
14195,2020-04-16T23:19:06.000Z,1882,121,,4
14196,2020-02-17T19:01:19.000Z,1882,16,9.58,2
14197,2020-03-15T02:45:18.000Z,1882,137,,1
14206,2020-01-28T19:50:02.000Z,1882,120,,3
14212,2020-04-11T17:54:42.000Z,1882,109,,3
14220,2020-02-10T14:19:11.000Z,1886,131,,2
14225,2020-03-15T04:33:04.000Z,1886,7,,1
14228,2020-02-21T19:55:43.000Z,1886,36,8.06,2
14236,2020-03-19T14:35:00.000Z,1888,72,,1
14254,2020-03-23T10:52:17.000Z,1895,174,3.56,1
14262,2020-01-10T09:48:06.000Z,1896,177,,1
14285,2020-01-17T12:15:11.000Z,1901,200,3.69,3
14289,2020-01-08T03:31:41.000Z,1901,186,8.19,3
14294,2020-04-14T16:26:44.000Z,1902,141,,3
14301,2020-04-04T19:35:48.000Z,1902,11,3.23,3
14304,2020-03-23T10:44:51.000Z,1902,42,,1
14314,2020-02-05T01:30:44.000Z,1903,57,,1
14315,2020-01-13T09:47:37.000Z,1905,84,,2
14356,2020-04-10T13:27:50.000Z,1908,79,,3
14365,2020-03-09T01:03:24.000Z,1909,60,,1
14377,2020-03-14T13:33:49.000Z,1909,134,,1
14378,2020-03-10T00:03:37.000Z,1909,84,,1
14380,2020-03-07T10:08:44.000Z,1909,45,,1
14381,2020-01-11T13:14:37.000Z,1909,42,,1
14386,2020-01-19T01:56:00.000Z,1910,39,,2
14389,2020-01-05T04:48:19.000Z,1910,84,,1
14398,2020-03-06T23:40:20.000Z,1911,83,,1
14413,2020-03-09T13:52:53.000Z,1913,14,6.31,1
14424,2020-01-09T14:52:39.000Z,1913,199,,2
14435,2020-02-12T06:31:08.000Z,1915,192,,2
14436,2020-02-16T10:01:18.000Z,1915,157,,2
14444,2020-01-15T17:18:50.000Z,1915,89,,2
14467,2020-02-15T00:13:30.000Z,1924,118,,2
14479,2020-01-24T12:14:23.000Z,1926,96,,2
14481,2020-02-24T21:18:04.000Z,1926,52,,2
14483,2020-02-01T08:22:09.000Z,1926,135,,2
14499,2020-02-20T01:10:51.000Z,1929,118,,1
14501,2020-04-16T16:17:32.000Z,1929,7,,3
14507,2020-01-23T20:42:25.000Z,1930,100,,2
14517,2020-02-05T11:02:02.000Z,1932,134,2.47,2
14529,2020-03-05T06:59:06.000Z,1932,55,,1
14532,2020-02-07T18:07:10.000Z,1932,180,,2
14555,2020-01-26T14:28:58.000Z,1942,87,,2
14565,2020-02-19T17:39:54.000Z,1945,47,,2
14566,2020-03-27T13:36:42.000Z,1945,144,,1
14568,2020-04-08T08:18:01.000Z,1945,34,,3
14569,2020-03-09T16:05:54.000Z,1945,121,,1
14571,2020-01-07T00:35:19.000Z,1945,1,,2
14579,2020-01-05T20:22:16.000Z,1945,42,,2
14581,2020-03-01T12:38:11.000Z,1945,129,,1
14588,2020-02-05T06:43:45.000Z,1945,113,,1
14590,2020-03-25T01:51:23.000Z,1946,140,,1
14600,2020-02-26T01:44:16.000Z,1947,74,7.35,1
14608,2020-02-12T23:28:56.000Z,1948,103,,1
14622,2020-02-16T22:21:56.000Z,1950,83,,1
14625,2020-03-13T18:42:47.000Z,1951,14,,1
14655,2020-02-21T17:58:29.000Z,1958,144,,2
14657,2020-01-03T23:51:24.000Z,1960,118,,2
14660,2020-03-20T13:45:47.000Z,1960,14,,1
14662,2020-02-21T19:41:02.000Z,1960,107,,2
14679,2020-02-10T14:21:46.000Z,1962,52,,1
14682,2020-04-03T16:12:41.000Z,1962,82,,4
14706,2020-01-24T11:09:09.000Z,1965,138,,2
14707,2020-01-14T20:07:15.000Z,1965,17,,2
14727,2020-01-03T09:01:21.000Z,1967,191,,2
14744,2020-02-24T11:08:06.000Z,1968,140,,1
14747,2020-04-14T03:12:18.000Z,1968,96,,3
14751,2020-03-26T01:40:37.000Z,1969,115,,1
14766,2020-02-10T18:30:34.000Z,1970,70,,2
14774,2020-02-21T23:13:03.000Z,1972,75,1.54,1
14779,2020-04-07T05:40:49.000Z,1972,51,,1
14801,2020-04-09T04:51:16.000Z,1974,12,,1
14823,2020-01-24T13:41:30.000Z,1975,77,8.41,2
14830,2020-04-01T20:01:54.000Z,1976,151,,4
14834,2020-03-14T20:37:37.000Z,1976,191,,1
14838,2020-02-13T13:30:13.000Z,1976,146,,1
14855,2020-04-17T11:46:14.000Z,1981,184,,2
14865,2020-04-02T04:40:31.000Z,1982,135,,3
14870,2020-02-04T02:18:08.000Z,1982,56,,2
14876,2020-02-06T07:28:30.000Z,1984,133,,1
14892,2020-01-22T14:25:40.000Z,1986,144,7.6,2
14901,2020-02-26T01:24:05.000Z,1989,102,3.68,2
14902,2020-03-11T15:20:19.000Z,1990,67,,1
14908,2020-04-04T20:34:44.000Z,1990,103,,3
14921,2020-01-12T02:30:55.000Z,1992,89,,2
14928,2020-02-20T21:05:18.000Z,1992,78,,2
14932,2020-04-05T03:26:23.000Z,1996,174,,2
14957,2020-01-10T18:07:59.000Z,1997,17,,1
14968,2020-01-24T19:53:28.000Z,2001,20,,1
14987,2020-03-11T22:55:14.000Z,2009,123,6.45,1
14993,2020-03-06T14:06:15.000Z,2011,114,,1
15030,2020-01-02T20:51:34.000Z,2019,25,,1
15032,2020-01-02T01:29:51.000Z,2019,64,5.23,1
15033,2020-02-26T22:04:03.000Z,2019,31,,1
15034,2020-01-15T06:36:59.000Z,2019,14,5.23,2
15039,2020-03-16T05:54:55.000Z,2021,86,,1
15041,2020-02-13T02:13:51.000Z,2021,90,,1
15052,2020-02-20T15:31:40.000Z,2026,14,,1
15056,2020-02-13T07:44:40.000Z,2026,36,,2
15058,2020-02-10T23:15:40.000Z,2026,59,,2
15065,2020-01-25T04:14:17.000Z,2027,88,,1
15071,2020-02-23T01:53:54.000Z,2028,197,,2
15088,2020-01-22T16:45:20.000Z,2028,31,,1
15092,2020-01-15T15:49:24.000Z,2028,2,,1
15110,2020-03-31T09:22:01.000Z,2031,9,1.28,1
15133,2020-03-03T05:49:55.000Z,2035,91,,0
15134,2020-04-18T05:09:09.000Z,2035,171,,1
15172,2020-03-10T13:17:51.000Z,2037,150,,1
15179,2020-01-11T03:35:38.000Z,2037,105,,2
15194,2020-03-29T21:15:10.000Z,2038,132,,1
15201,2020-04-12T03:54:49.000Z,2039,58,,3
15202,2020-03-01T18:46:22.000Z,2039,82,,1
15229,2020-02-14T00:49:46.000Z,2046,175,,1
15230,2020-02-22T01:53:57.000Z,2046,114,,1
15240,2020-01-24T14:06:47.000Z,2047,17,,2
15250,2020-03-16T22:12:37.000Z,2049,95,,1
15271,2020-02-06T11:25:50.000Z,2051,59,,2
15274,2020-01-18T12:13:54.000Z,2051,146,,2
15295,2020-01-16T23:51:49.000Z,2052,6,,2
15298,2020-01-29T19:29:09.000Z,2052,55,,2
15299,2020-01-29T19:23:01.000Z,2052,157,,1
15309,2020-01-27T01:22:05.000Z,2052,140,,2
15314,2020-04-11T18:31:36.000Z,2053,195,,2
15320,2020-03-22T11:10:11.000Z,2055,195,1.82,1
15322,2020-02-09T08:49:04.000Z,2055,64,,1
15337,2020-02-14T17:40:08.000Z,2056,6,,1
15344,2020-01-11T01:56:20.000Z,2057,137,,2
15350,2020-04-17T13:42:04.000Z,2058,58,,2
15352,2020-01-10T17:03:49.000Z,2058,59,,2
15354,2020-02-29T07:41:21.000Z,2061,18,,1
15362,2020-03-10T05:35:24.000Z,2062,152,,1
15366,2020-03-18T09:46:09.000Z,2062,109,,1
15372,2020-02-15T08:56:27.000Z,2064,52,2.73,2
15380,2020-02-04T03:30:55.000Z,2065,162,,1
15392,2020-02-02T09:48:57.000Z,2066,122,,1
15393,2020-04-05T01:25:19.000Z,2066,143,,3
15399,2020-03-01T05:44:52.000Z,2066,60,,1
15485,2020-04-06T17:15:24.000Z,2077,51,,4
15486,2020-02-10T02:49:36.000Z,2078,26,,2
15496,2020-03-19T01:02:51.000Z,2078,99,,1
15514,2020-03-31T17:03:24.000Z,2082,118,,1
15528,2020-03-16T22:50:03.000Z,2084,10,,1
15536,2020-03-16T11:39:27.000Z,2084,48,,1
15539,2020-02-23T11:18:07.000Z,2084,196,,1
15541,2020-01-04T14:32:05.000Z,2084,115,,2
15542,2020-03-29T00:57:20.000Z,2084,89,,1
15548,2020-01-21T22:45:21.000Z,2086,160,,2
15552,2020-03-22T02:46:46.000Z,2086,104,,1
15561,2020-02-15T16:23:12.000Z,2088,68,,2
15562,2020-02-22T05:08:24.000Z,2088,166,,2
15573,2020-03-29T00:53:38.000Z,2088,143,,1
15593,2020-02-16T14:55:52.000Z,2094,104,,2
15609,2020-03-08T13:29:25.000Z,2095,113,,1
15610,2020-02-02T16:35:00.000Z,2095,94,,2
15612,2020-02-14T20:58:39.000Z,2095,193,,2
15620,2020-01-22T03:54:16.000Z,2096,70,,1
15638,2020-02-03T16:50:24.000Z,2098,142,,2
15639,2020-03-26T13:56:17.000Z,2098,100,,1
15643,2020-01-10T19:28:07.000Z,2098,75,,1
15656,2020-04-14T15:49:54.000Z,2099,97,,3
15679,2020-01-22T01:41:37.000Z,2100,102,,2
15689,2020-02-14T14:11:57.000Z,2102,99,,1
15697,2020-04-13T12:52:36.000Z,2105,1,,2
15698,2020-03-25T17:31:07.000Z,2105,86,,1
15707,2020-03-12T21:11:18.000Z,2107,199,,1
15710,2020-04-10T11:14:19.000Z,2108,3,,2
15716,2020-02-12T23:07:20.000Z,2108,83,,1
15728,2020-02-06T05:41:34.000Z,2110,22,,1
15730,2020-04-16T06:32:57.000Z,2110,123,,2
15734,2020-02-05T19:12:23.000Z,2110,170,,2
15743,2020-03-03T07:28:22.000Z,2111,186,,1
15745,2020-02-16T13:50:06.000Z,2112,39,,2
15747,2020-03-02T12:40:50.000Z,2112,21,4.02,1
15748,2020-03-05T19:14:57.000Z,2112,137,,1
15759,2020-01-21T14:26:26.000Z,2112,197,,2
15771,2020-01-26T07:31:04.000Z,2113,159,,2
15776,2020-01-26T07:09:49.000Z,2113,73,,1
15789,2020-03-25T14:05:23.000Z,2115,108,,1
15803,2020-02-19T16:20:04.000Z,2116,63,,1
15811,2020-03-18T08:25:56.000Z,2116,133,3.44,1
15812,2020-04-09T14:55:40.000Z,2116,186,,4
15829,2020-03-06T13:58:52.000Z,2118,73,,1
15833,2020-03-13T06:40:46.000Z,2118,191,,1
15835,2020-03-05T16:28:34.000Z,2118,86,,1
15842,2020-02-05T07:47:24.000Z,2118,166,3.44,1
15850,2020-02-19T14:59:23.000Z,2118,161,,1
15855,2020-04-11T07:55:16.000Z,2118,38,,2
15859,2020-03-01T20:21:17.000Z,2119,20,,1
15865,2020-02-11T22:20:07.000Z,2119,59,,1
15886,2020-01-20T16:23:21.000Z,2122,60,,1
15894,2020-02-17T16:06:47.000Z,2122,29,,1
15908,2020-03-13T18:59:16.000Z,2123,9,,1
15912,2020-02-18T12:18:49.000Z,2123,106,7.34,2
15916,2020-03-21T04:52:35.000Z,2123,47,,1
15917,2020-02-08T20:35:54.000Z,2123,92,,2
15929,2020-03-10T20:26:51.000Z,2125,180,,1
15956,2020-02-10T08:14:18.000Z,2127,26,,2
15960,2020-02-24T08:16:59.000Z,2128,50,,1
15964,2020-02-05T12:52:34.000Z,2128,145,7.61,1
15966,2020-02-18T23:55:05.000Z,2130,3,,1
15972,2020-01-26T21:52:16.000Z,2130,19,,2
15980,2020-02-25T11:13:29.000Z,2132,151,,1
15981,2020-03-03T03:58:27.000Z,2132,29,,1
15982,2020-04-08T15:37:34.000Z,2132,20,,3
15985,2020-03-13T20:45:20.000Z,2133,194,,1
15987,2020-01-17T23:28:26.000Z,2133,55,,2
16005,2020-04-18T03:03:29.000Z,2135,128,,3
16009,2020-01-23T11:30:10.000Z,2135,182,,1
16012,2020-01-15T13:00:38.000Z,2135,190,,2
16013,2020-01-06T06:46:37.000Z,2135,16,,1
16017,2020-01-15T03:32:35.000Z,2135,66,,2
16026,2020-02-12T19:03:39.000Z,2136,109,,1
16037,2020-04-16T08:34:26.000Z,2138,43,,2
16055,2020-02-09T11:25:11.000Z,2138,150,,1
16072,2020-02-17T22:30:08.000Z,2139,157,,2
16083,2020-01-02T08:36:36.000Z,2140,72,,2
16093,2020-02-16T00:00:26.000Z,2141,85,,2
16094,2020-02-29T17:03:41.000Z,2141,123,,2
16114,2020-03-24T20:04:34.000Z,2146,141,,1
16120,2020-03-16T15:54:00.000Z,2146,152,,1
16122,2020-04-19T02:40:45.000Z,2148,195,,2
16125,2020-04-12T00:35:31.000Z,2148,199,,2
16126,2020-01-23T23:35:22.000Z,2148,26,,2
16146,2020-01-22T19:01:47.000Z,2150,112,,2
16148,2020-04-09T04:39:00.000Z,2150,9,,4
16159,2020-03-25T11:09:05.000Z,2152,85,4.4,1
16185,2020-03-12T19:46:41.000Z,2159,61,,1
16205,2020-02-21T09:58:20.000Z,2161,20,,1
16206,2020-03-29T10:38:40.000Z,2161,139,,1
16208,2020-04-14T23:40:35.000Z,2161,121,,3
16233,2020-04-13T14:05:06.000Z,2167,179,,1
16234,2020-03-03T12:52:19.000Z,2167,111,,0
16235,2020-04-07T20:55:07.000Z,2167,72,,2
16244,2020-03-02T02:48:39.000Z,2169,65,,1
16249,2020-02-02T03:42:05.000Z,2169,27,,2
16250,2020-01-27T03:52:31.000Z,2169,109,,2
16260,2020-03-11T12:52:18.000Z,2169,128,,1
16269,2020-04-06T16:08:34.000Z,2169,94,,3
16303,2020-03-25T10:02:58.000Z,2171,71,,1
16307,2020-04-18T06:32:29.000Z,2172,126,,3
16327,2020-02-25T23:49:55.000Z,2174,167,,2
16330,2020-03-09T20:27:16.000Z,2175,193,,1
16345,2020-03-05T02:59:09.000Z,2175,40,,1
16371,2020-04-03T18:20:48.000Z,2179,8,,2
16378,2020-02-15T17:46:55.000Z,2179,74,,1
16392,2020-03-25T22:01:38.000Z,2179,154,,1
16405,2020-04-08T15:36:03.000Z,2180,5,,3
16441,2020-01-30T11:39:19.000Z,2186,199,,1
16473,2020-04-09T02:44:31.000Z,2191,187,,2
16478,2020-02-26T21:20:30.000Z,2191,161,,2
16479,2020-01-20T02:38:55.000Z,2192,168,,2
16481,2020-04-02T02:02:19.000Z,2192,6,,3
16489,2020-01-13T21:33:14.000Z,2194,105,,2
16491,2020-03-21T20:31:37.000Z,2194,77,,1
16503,2020-03-03T02:25:11.000Z,2194,141,,1
16505,2020-01-26T16:09:50.000Z,2194,141,,2
16507,2020-01-04T19:50:10.000Z,2197,85,,2
16510,2020-02-13T01:04:43.000Z,2199,150,,2
16518,2020-03-10T11:45:20.000Z,2200,25,,1
16522,2020-03-03T19:15:11.000Z,2200,1,,1
16534,2020-02-29T22:25:35.000Z,2200,103,8.19,2
16540,2020-04-05T18:09:31.000Z,2203,129,,3
16548,2020-01-29T03:41:41.000Z,2203,177,,2
16549,2020-04-07T04:17:59.000Z,2203,124,,4
16589,2020-02-20T10:45:51.000Z,2207,87,,1
16650,2020-02-21T18:20:22.000Z,2214,104,,2
16665,2020-01-18T01:08:01.000Z,2216,51,7.65,2
16666,2020-04-10T06:19:28.000Z,2216,145,,2
16692,2020-03-25T10:30:43.000Z,2218,180,,1
16697,2020-02-10T01:03:39.000Z,2218,157,,2
16698,2020-02-28T20:18:38.000Z,2218,23,,1
16700,2020-02-10T01:58:16.000Z,2218,106,,2
16702,2020-01-26T02:18:51.000Z,2218,199,,2
16714,2020-03-08T14:18:44.000Z,2219,110,,1
16719,2020-02-27T05:17:31.000Z,2220,35,,2
16720,2020-03-15T18:30:38.000Z,2220,10,,1
16725,2020-04-10T01:04:44.000Z,2222,181,6.94,3
16727,2020-04-08T09:33:04.000Z,2222,169,,3
16741,2020-04-15T22:43:32.000Z,2224,126,,2
16758,2020-02-11T04:32:32.000Z,2224,106,,2
16776,2020-01-30T08:39:37.000Z,2227,165,,2
16781,2020-02-01T15:39:20.000Z,2230,72,,2
16782,2020-03-13T11:37:04.000Z,2230,18,,1
16790,2020-02-03T09:08:52.000Z,2232,158,,1
16792,2020-02-24T21:23:55.000Z,2232,58,5.61,1
16800,2020-02-11T09:18:04.000Z,2236,21,3.09,2
16805,2020-01-10T06:00:19.000Z,2236,103,,2
16826,2020-03-11T09:25:12.000Z,2237,197,,1
16828,2020-01-22T18:33:45.000Z,2239,169,,2
16832,2020-02-03T07:47:51.000Z,2239,171,,2
16840,2020-04-18T10:01:41.000Z,2244,2,8.53,3
16843,2020-04-03T12:23:03.000Z,2244,170,,3
16860,2020-04-04T11:49:40.000Z,2245,148,,4
16861,2020-02-14T11:01:09.000Z,2245,17,,2
16865,2020-01-17T00:33:36.000Z,2246,141,8.53,3
16907,2020-02-18T19:30:10.000Z,2251,91,,2
16921,2020-01-20T00:40:59.000Z,2253,171,,3
16922,2020-02-14T10:12:46.000Z,2253,132,,2
16946,2020-02-11T15:07:53.000Z,2257,11,,2
16948,2020-02-22T20:54:38.000Z,2258,78,7.62,2
16954,2020-01-11T14:55:38.000Z,2258,20,,2
16956,2020-02-07T12:37:14.000Z,2258,97,,2
16960,2020-02-21T07:57:25.000Z,2259,44,,1
16966,2020-01-15T00:07:24.000Z,2263,120,,2
16996,2020-02-04T05:58:25.000Z,2267,142,,2
16998,2020-01-14T19:13:45.000Z,2267,154,,2
17017,2020-01-23T06:40:33.000Z,2270,69,,3
17019,2020-01-25T13:19:50.000Z,2271,16,,2
17023,2020-01-16T04:11:19.000Z,2271,165,,1
17046,2020-03-04T05:16:59.000Z,2272,109,,1
17049,2020-04-03T17:06:58.000Z,2273,162,,3
17071,2020-01-27T02:08:11.000Z,2275,108,,2
17110,2020-01-09T02:08:29.000Z,2277,102,,2
17140,2020-04-13T01:24:54.000Z,2284,193,,3
17158,2020-02-08T07:21:14.000Z,2285,69,,1
17162,2020-01-12T10:43:57.000Z,2286,115,,2
17166,2020-02-03T11:41:42.000Z,2286,73,0.52,2
17176,2020-02-15T17:36:52.000Z,2286,94,,1
17179,2020-01-20T04:34:23.000Z,2287,41,,1
17187,2020-01-25T08:52:49.000Z,2287,10,,1
17217,2020-04-11T07:27:27.000Z,2290,174,,2
17228,2020-02-13T01:39:29.000Z,2292,144,3.39,1
17231,2020-04-10T04:26:29.000Z,2293,25,,3
17264,2020-01-04T01:53:12.000Z,2298,159,,2
17266,2020-03-02T06:07:38.000Z,2298,90,,1
17270,2020-02-06T02:47:21.000Z,2298,96,,1
17294,2020-03-10T04:48:19.000Z,2299,123,,1
17310,2020-04-01T13:50:20.000Z,2300,67,,2
17311,2020-03-10T17:37:27.000Z,2304,157,,1
17312,2020-03-31T22:46:54.000Z,2304,196,,0
17322,2020-01-19T21:08:59.000Z,2307,15,,2
17348,2020-03-31T16:29:30.000Z,2310,61,4.07,1
17349,2020-03-21T09:28:54.000Z,2310,143,,1
17357,2020-01-28T17:58:22.000Z,2311,32,,2
17358,2020-01-30T16:27:13.000Z,2311,35,,2
17375,2020-02-29T22:35:10.000Z,2317,164,,1
17377,2020-04-12T00:46:03.000Z,2317,135,,4
17378,2020-03-07T07:39:56.000Z,2317,23,,1
17382,2020-04-05T03:02:00.000Z,2317,36,,2
17385,2020-01-13T04:01:09.000Z,2317,191,4.07,3
17394,2020-03-14T09:11:27.000Z,2320,171,3.96,1
17401,2020-02-03T02:48:29.000Z,2321,31,,1
17409,2020-02-29T00:09:34.000Z,2324,8,,2
17440,2020-01-18T16:22:53.000Z,2327,156,,3
17452,2020-02-21T12:13:37.000Z,2328,98,,2
17457,2020-01-27T09:48:44.000Z,2329,121,,3
17460,2020-02-16T20:35:29.000Z,2329,189,,2
17471,2020-02-08T22:58:44.000Z,2333,186,,2
17478,2020-04-04T07:18:09.000Z,2335,175,,2
17492,2020-03-15T09:07:23.000Z,2335,73,,1
17498,2020-01-24T04:01:34.000Z,2336,123,,2
17513,2020-02-21T12:31:10.000Z,2339,74,,2
17515,2020-01-12T22:24:21.000Z,2339,171,,2
17518,2020-01-09T09:50:02.000Z,2340,152,,2
17521,2020-02-06T06:11:50.000Z,2340,30,,2
17526,2020-03-09T15:58:50.000Z,2340,151,,1
17528,2020-02-21T03:24:45.000Z,2340,86,,2
17546,2020-04-10T20:14:45.000Z,2341,31,,3
17549,2020-03-13T00:18:47.000Z,2342,180,,1
17553,2020-02-10T15:35:42.000Z,2342,153,,1
17567,2020-02-06T10:30:40.000Z,2344,121,,2
17598,2020-02-27T16:45:48.000Z,2347,177,,2
17613,2020-03-14T09:01:05.000Z,2347,99,,1
17617,2020-01-23T20:07:04.000Z,2348,67,,1
17623,2020-02-07T22:18:47.000Z,2348,186,,1
17664,2020-01-28T20:54:19.000Z,2351,68,,2
17674,2020-01-09T12:51:44.000Z,2352,148,,2
17676,2020-01-09T09:53:32.000Z,2352,123,,2
17706,2020-03-06T16:10:10.000Z,2358,200,,1
17712,2020-04-06T12:33:13.000Z,2361,116,,2
17718,2020-02-13T01:41:21.000Z,2362,123,,1
17722,2020-03-25T22:19:44.000Z,2362,113,0.34,0
17726,2020-01-20T18:40:51.000Z,2363,25,,1
17733,2020-03-12T20:56:35.000Z,2364,124,,1
17742,2020-02-13T14:27:48.000Z,2364,17,4.84,1
17743,2020-01-31T14:29:18.000Z,2364,22,,1
17757,2020-01-21T23:36:37.000Z,2365,181,,1
17758,2020-02-02T12:21:27.000Z,2365,181,,1
17761,2020-02-24T00:18:33.000Z,2365,48,,1
17763,2020-02-16T13:56:46.000Z,2365,86,,2
17765,2020-01-08T20:44:09.000Z,2366,170,,2
17766,2020-01-02T06:56:14.000Z,2366,3,,23
17787,2020-02-17T02:47:05.000Z,2367,146,,1
17788,2020-04-18T06:05:09.000Z,2367,55,,2
17802,2020-04-11T17:56:00.000Z,2371,33,,2
17818,2020-02-10T11:59:01.000Z,2372,130,,1
17819,2020-03-21T23:00:47.000Z,2372,60,,1
17846,2020-01-20T23:48:18.000Z,2372,13,,2
17851,2020-03-13T21:32:11.000Z,2375,143,7.6,1
17854,2020-02-14T12:36:00.000Z,2375,199,,2
17899,2020-02-02T14:00:10.000Z,2380,52,,1
17902,2020-01-29T01:29:53.000Z,2381,5,,3
17915,2020-03-17T21:57:24.000Z,2384,109,8.47,10
17918,2020-01-23T08:55:36.000Z,2384,93,,3
17924,2020-03-19T16:31:39.000Z,2384,119,,1
17930,2020-01-25T23:23:30.000Z,2386,190,,2
17937,2020-04-08T06:27:12.000Z,2386,146,,3
17942,2020-03-07T17:47:05.000Z,2386,113,,1
17970,2020-02-20T00:47:20.000Z,2388,77,,1
17993,2020-03-05T19:18:17.000Z,2391,25,,1
17994,2020-03-10T06:48:55.000Z,2391,72,,1
18005,2020-01-14T21:07:27.000Z,2392,175,2.75,1
18010,2020-01-16T21:08:36.000Z,2392,172,,2
18015,2020-04-16T18:18:04.000Z,2392,66,,3
18019,2020-03-10T08:09:41.000Z,2393,135,,1
18029,2020-03-03T12:42:19.000Z,2393,104,,1
18047,2020-02-08T12:51:01.000Z,2394,71,,2
18050,2020-03-18T23:19:51.000Z,2394,169,,1
18051,2020-04-17T04:37:03.000Z,2394,200,,3
18057,2020-04-16T20:51:52.000Z,2394,23,,3
18061,2020-01-13T05:51:23.000Z,2396,121,,2
18065,2020-03-08T10:31:09.000Z,2396,180,,1
18071,2020-03-05T10:01:23.000Z,2397,69,,1
18079,2020-03-21T12:22:44.000Z,2397,140,,1
18081,2020-03-06T19:56:52.000Z,2397,2,9.3,1
18092,2020-03-03T10:24:11.000Z,2400,191,,1
18100,2020-03-09T16:39:18.000Z,2400,77,,0
18106,2020-02-23T12:23:09.000Z,2405,114,,1
18110,2020-02-14T19:10:50.000Z,2405,108,,1
18141,2020-04-09T06:36:23.000Z,2408,124,,3
18147,2020-01-28T03:44:16.000Z,2408,32,,3
18152,2020-02-05T04:08:33.000Z,2408,96,,2
18157,2020-01-14T15:01:42.000Z,2411,130,,2
18164,2020-02-16T06:09:36.000Z,2412,179,,1
18165,2020-01-10T15:47:08.000Z,2412,27,,2
18186,2020-02-23T07:38:25.000Z,2413,69,,2
18189,2020-01-13T21:05:20.000Z,2414,137,,1
18191,2020-02-28T21:21:51.000Z,2414,130,,1
18209,2020-02-29T07:57:29.000Z,2417,75,,1
18211,2020-04-16T10:38:39.000Z,2417,105,,3
18212,2020-04-02T06:43:43.000Z,2417,171,,3
18218,2020-03-30T03:59:09.000Z,2419,101,,1
18222,2020-01-24T20:57:46.000Z,2419,26,,2
18244,2020-01-18T13:05:27.000Z,2426,168,,2
18251,2020-01-26T01:00:50.000Z,2428,127,6.52,1
18259,2020-03-17T17:12:07.000Z,2428,91,,1
18271,2020-04-17T07:39:42.000Z,2430,49,,2
18273,2020-03-08T06:25:11.000Z,2430,192,,1
18276,2020-02-01T00:45:51.000Z,2432,170,,2
18279,2020-01-12T18:39:30.000Z,2432,83,,2
18282,2020-02-10T23:37:36.000Z,2432,177,,1
18289,2020-02-07T03:53:43.000Z,2434,94,,2
18291,2020-01-15T08:24:37.000Z,2434,117,,3
18292,2020-04-14T00:50:43.000Z,2434,147,,4
18294,2020-02-29T14:44:39.000Z,2434,102,,2
18302,2020-01-03T16:19:53.000Z,2436,194,,2
18319,2020-01-30T21:59:37.000Z,2440,8,,2
18324,2020-03-13T00:11:48.000Z,2440,167,,1
18332,2020-03-04T08:08:37.000Z,2440,153,,1
18356,2020-03-06T01:14:09.000Z,2446,141,,1
18369,2020-03-02T11:02:18.000Z,2446,88,,1
18381,2020-03-04T10:18:27.000Z,2447,41,10.0,1
18396,2020-01-18T05:45:57.000Z,2450,127,,3
18424,2020-01-27T21:01:12.000Z,2451,80,,1
18431,2020-01-16T14:40:15.000Z,2451,82,,1
18451,2020-04-02T00:39:01.000Z,2453,116,,3
18463,2020-01-13T00:52:24.000Z,2455,10,,2
18472,2020-04-11T13:42:47.000Z,2457,142,,3
18482,2020-01-17T02:44:57.000Z,2458,132,,2
18485,2020-03-18T14:34:00.000Z,2458,55,,1
18490,2020-03-31T09:22:55.000Z,2458,198,,1
18502,2020-02-01T06:55:44.000Z,2459,58,9.35,2
18522,2020-03-17T21:50:37.000Z,2462,4,1.52,1
18525,2020-01-14T08:16:38.000Z,2462,121,,1
18539,2020-01-25T18:48:00.000Z,2463,176,,2
18542,2020-02-10T17:23:18.000Z,2463,102,,2
18549,2020-04-07T17:24:04.000Z,2463,59,,3
18554,2020-04-06T20:45:45.000Z,2464,148,,2
18562,2020-04-10T20:15:32.000Z,2468,181,1.52,1
18590,2020-02-25T17:41:22.000Z,2473,76,,1
18618,2020-01-15T14:01:50.000Z,2477,13,,2
18625,2020-03-16T19:38:07.000Z,2478,115,,1
18629,2020-01-22T13:20:56.000Z,2478,74,,3
18633,2020-01-02T07:04:32.000Z,2478,116,,2
18663,2020-03-23T14:10:08.000Z,2484,108,,1
18669,2020-03-02T02:41:14.000Z,2484,95,,1
18673,2020-03-27T08:17:19.000Z,2487,188,,1
18675,2020-01-25T12:25:10.000Z,2487,33,,2
18719,2020-04-18T02:49:49.000Z,2496,57,,3
18722,2020-03-19T07:48:02.000Z,2496,77,1.93,1
18733,2020-02-16T11:55:07.000Z,2497,40,,1
18760,2020-03-28T10:12:06.000Z,2500,138,,1
